小雷音寺索引,怪物entryId,等级（要求）,能否组队,怪物列表,通关奖励,关卡序号,关卡名称,奖励预览
index_kn,entryId_n,level_n,canTeam_n,monster_t,prize_t,order,copyName_s,showItem_t
11,109510,0,0,"[2]=109502,[3]=109503,[4]=109504,[5]=109505,[6]=109506,[8]=109508,[9]=109509,[10]=109510,[11]=109511,[12]=109512","{""exp"",1500000},{""funds"",1000}",1,第1关,"{""exp"",1500000},{""funds"",1000}"
12,109610,0,0,"[2]=109602,[3]=109603,[4]=109604,[5]=109605,[6]=109606,[8]=109608,[9]=109609,[10]=109610,[11]=109611,[12]=109612","{""exp"",1800000},{""funds"",2500}",2,第2关,"{""exp"",1800000},{""funds"",2500}"
13,50000002,0,0,[10]=109710,"{""exp"",2000000},{""item"",60019,6}",3,第3关,"{""exp"",2000000},{""item"",60019,6}"
14,109810,0,0,"[2]=109802,[3]=109803,[4]=109804,[5]=109805,[6]=109806,[8]=109808,[9]=109809,[10]=109810,[11]=109811,[12]=109812","{""exp"",2300000},{""funds"",1200}",4,第4关,"{""exp"",2300000},{""funds"",1200}"
15,109910,0,0,"[2]=109902,[3]=109903,[4]=109904,[5]=109905,[6]=109906,[8]=109908,[9]=109909,[10]=109910,[11]=109911,[12]=109912","{""exp"",2600000},{""funds"",3000}",5,第5关,"{""exp"",2600000},{""funds"",3000}"
16,110010,0,0,"[2]=110002,[3]=110003,[4]=110004,[5]=110005,[6]=110006,[8]=110008,[9]=110009,[10]=110010,[11]=110011,[12]=110012","{""exp"",2800000},{""item"",60019,6}",6,第6关,"{""exp"",2800000},{""item"",60019,6}"
17,50000003,0,0,[10]=110110,"{""exp"",3100000},{""funds"",1500}",7,第7关,"{""exp"",3100000},{""funds"",1500}"
18,110210,0,0,"[2]=110202,[3]=110203,[4]=110204,[5]=110205,[6]=110206,[8]=110208,[9]=110209,[10]=110210,[11]=110211,[12]=110212","{""exp"",3400000},{""funds"",3750}",8,第8关,"{""exp"",3400000},{""funds"",3750}"
19,50000003,0,0,[10]=114210,"{""exp"",3600000},{""item"",60019,6}",9,第9关,"{""exp"",3600000},{""item"",60019,6}"
20,50000006,0,0,[10]=114310,"{""exp"",3900000},{""funds"",2000}",10,第10关,"{""exp"",3900000},{""funds"",2000}"
21,114410,0,0,"[2]=114402,[3]=114403,[4]=114404,[5]=114405,[6]=114406,[8]=114408,[9]=114409,[10]=114410,[11]=114411,[12]=114412","{""exp"",4200000},{""funds"",5000}",11,第11关,"{""exp"",4200000},{""funds"",5000}"
22,114510,0,0,"[2]=114502,[3]=114503,[4]=114504,[5]=114505,[6]=114506,[8]=114508,[9]=114509,[10]=114510,[11]=114511,[12]=114512","{""exp"",4400000},{""item"",60019,6}",12,第12关,"{""exp"",4400000},{""item"",60019,6}"
23,114610,0,0,"[2]=114602,[3]=114603,[4]=114604,[5]=114605,[6]=114606,[8]=114608,[9]=114609,[10]=114610,[11]=114611,[12]=114612","{""exp"",4700000},{""funds"",2600}",13,第13关,"{""exp"",4700000},{""funds"",2600}"
24,114710,0,0,"[2]=114702,[3]=114703,[4]=114704,[5]=114705,[6]=114706,[8]=114708,[9]=114709,[10]=114710,[11]=114711,[12]=114712","{""exp"",5000000},{""funds"",6500}",14,第14关,"{""exp"",5000000},{""funds"",6500}"
25,114810,0,0,"[2]=114802,[3]=114803,[4]=114804,[5]=114805,[6]=114806,[8]=114808,[9]=114809,[10]=114810,[11]=114811,[12]=114812","{""exp"",5200000},{""item"",60019,6}",15,第15关,"{""exp"",5200000},{""item"",60019,6}"
26,116610,0,0,"[2]=116602,[3]=116603,[4]=116604,[5]=116605,[6]=116606,[8]=116608,[9]=116609,[10]=116610,[11]=116611,[12]=116612","{""exp"",5500000},{""funds"",3200}",16,第16关,"{""exp"",5500000},{""funds"",3200}"
27,50000001,0,0,[10]=116710,"{""exp"",5800000},{""funds"",8000}",17,第17关,"{""exp"",5800000},{""funds"",8000}"
28,50000002,0,0,[10]=116810,"{""exp"",6000000},{""item"",60019,6}",18,第18关,"{""exp"",6000000},{""item"",60019,6}"
29,116910,0,0,"[2]=116902,[3]=116903,[4]=116904,[5]=116905,[6]=116906,[8]=116908,[9]=116909,[10]=116910,[11]=116911,[12]=116912","{""exp"",6300000},{""funds"",3900}",19,第19关,"{""exp"",6300000},{""funds"",3900}"
30,117010,0,0,"[2]=117002,[3]=117003,[4]=117004,[5]=117005,[6]=117006,[8]=117008,[9]=117009,[10]=117010,[11]=117011,[12]=117012","{""exp"",6600000},{""funds"",9750}",20,第20关,"{""exp"",6600000},{""funds"",9750}"
31,117110,0,0,"[2]=117102,[3]=117103,[4]=117104,[5]=117105,[6]=117106,[8]=117108,[9]=117109,[10]=117110,[11]=117111,[12]=117112","{""exp"",6800000},{""item"",60019,6}",21,第21关,"{""exp"",6800000},{""item"",60019,6}"
32,117210,0,0,"[2]=117202,[3]=117203,[4]=117204,[5]=117205,[6]=117206,[8]=117208,[9]=117209,[10]=117210,[11]=117211,[12]=117212","{""exp"",7100000},{""funds"",4700}",22,第22关,"{""exp"",7100000},{""funds"",4700}"
33,120010,0,0,"[2]=120002,[3]=120003,[4]=120004,[5]=120005,[6]=120006,[8]=120008,[9]=120009,[10]=120010,[11]=120011,[12]=120012","{""exp"",7400000},{""funds"",11750}",23,第23关,"{""exp"",7400000},{""funds"",11750}"
34,120110,0,0,"[2]=120102,[3]=120103,[4]=120104,[5]=120105,[6]=120106,[8]=120108,[9]=120109,[10]=120110,[11]=120111,[12]=120112","{""exp"",7600000},{""item"",60019,6}",24,第24关,"{""exp"",7600000},{""item"",60019,6}"
35,120210,0,0,"[2]=120202,[3]=120203,[4]=120204,[5]=120205,[6]=120206,[8]=120208,[9]=120209,[10]=120210,[11]=120211,[12]=120212","{""exp"",7900000},{""funds"",5600}",25,第25关,"{""exp"",7900000},{""funds"",5600}"
36,50000005,0,0,[10]=120310,"{""exp"",8200000},{""funds"",14000}",26,第26关,"{""exp"",8200000},{""funds"",14000}"
37,120410,0,0,"[2]=120402,[3]=120403,[4]=120404,[5]=120405,[6]=120406,[8]=120408,[9]=120409,[10]=120410,[11]=120411,[12]=120412","{""exp"",8400000},{""item"",60019,12}",27,第27关,"{""exp"",8400000},{""item"",60019,12}"
38,120510,0,0,"[2]=120502,[3]=120503,[4]=120504,[5]=120505,[6]=120506,[8]=120508,[9]=120509,[10]=120510,[11]=120511,[12]=120512","{""exp"",8700000},{""funds"",6600}",28,第28关,"{""exp"",8700000},{""funds"",6600}"
39,120610,0,0,"[2]=120602,[3]=120603,[4]=120604,[5]=120605,[6]=120606,[8]=120608,[9]=120609,[10]=120610,[11]=120611,[12]=120612","{""exp"",9000000},{""funds"",16500}",29,第29关,"{""exp"",9000000},{""funds"",16500}"
40,50000005,0,0,[10]=120710,"{""exp"",9200000},{""item"",60019,12}",30,第30关,"{""exp"",9200000},{""item"",60019,12}"
41,50000001,0,0,[10]=120810,"{""exp"",9500000},{""funds"",7700}",31,第31关,"{""exp"",9500000},{""funds"",7700}"
42,50000006,0,0,[10]=120910,"{""exp"",9800000},{""funds"",19250}",32,第32关,"{""exp"",9800000},{""funds"",19250}"
43,121010,0,0,"[2]=121002,[3]=121003,[4]=121004,[5]=121005,[6]=121006,[8]=121008,[9]=121009,[10]=121010,[11]=121011,[12]=121012","{""exp"",10000000},{""item"",60019,12}",33,第33关,"{""exp"",10000000},{""item"",60019,12}"
44,121110,0,0,"[2]=121102,[3]=121103,[4]=121104,[5]=121105,[6]=121106,[8]=121108,[9]=121109,[10]=121110,[11]=121111,[12]=121112","{""exp"",10300000},{""funds"",8900}",34,第34关,"{""exp"",10300000},{""funds"",8900}"
45,50000004,0,0,[10]=121210,"{""exp"",10600000},{""funds"",22250}",35,第35关,"{""exp"",10600000},{""funds"",22250}"
46,121310,0,0,"[2]=121302,[3]=121303,[4]=121304,[5]=121305,[6]=121306,[8]=121308,[9]=121309,[10]=121310,[11]=121311,[12]=121312","{""exp"",10800000},{""item"",60019,12}",36,第36关,"{""exp"",10800000},{""item"",60019,12}"
47,121410,0,0,"[2]=121402,[3]=121403,[4]=121404,[5]=121405,[6]=121406,[8]=121408,[9]=121409,[10]=121410,[11]=121411,[12]=121412","{""exp"",11100000},{""funds"",10200}",37,第37关,"{""exp"",11100000},{""funds"",10200}"
48,121510,0,0,"[2]=121502,[3]=121503,[4]=121504,[5]=121505,[6]=121506,[8]=121508,[9]=121509,[10]=121510,[11]=121511,[12]=121512","{""exp"",11400000},{""funds"",25500}",38,第38关,"{""exp"",11400000},{""funds"",25500}"
49,121610,0,0,"[2]=121602,[3]=121603,[4]=121604,[5]=121605,[6]=121606,[8]=121608,[9]=121609,[10]=121610,[11]=121611,[12]=121612","{""exp"",11600000},{""item"",60019,12}",39,第39关,"{""exp"",11600000},{""item"",60019,12}"
50,50000006,0,0,[10]=121710,"{""exp"",11900000},{""funds"",11600}",40,第40关,"{""exp"",11900000},{""funds"",11600}"
51,122710,0,0,"[2]=122702,[3]=122703,[4]=122704,[5]=122705,[6]=122706,[8]=122708,[9]=122709,[10]=122710,[11]=122711,[12]=122712","{""exp"",12200000},{""funds"",29000}",41,第41关,"{""exp"",12200000},{""funds"",29000}"
52,122810,0,0,"[2]=122802,[3]=122803,[4]=122804,[5]=122805,[6]=122806,[8]=122808,[9]=122809,[10]=122810,[11]=122811,[12]=122812","{""exp"",12400000},{""item"",60019,12}",42,第42关,"{""exp"",12400000},{""item"",60019,12}"
53,50000002,0,0,[10]=122910,"{""exp"",12700000},{""funds"",13100}",43,第43关,"{""exp"",12700000},{""funds"",13100}"
54,50000001,0,0,[10]=123010,"{""exp"",13000000},{""funds"",32750}",44,第44关,"{""exp"",13000000},{""funds"",32750}"
55,50000006,0,0,[10]=123110,"{""exp"",13200000},{""item"",60019,12}",45,第45关,"{""exp"",13200000},{""item"",60019,12}"
56,123210,0,0,"[2]=123202,[3]=123203,[4]=123204,[5]=123205,[6]=123206,[8]=123208,[9]=123209,[10]=123210,[11]=123211,[12]=123212","{""exp"",13500000},{""funds"",14700}",46,第46关,"{""exp"",13500000},{""funds"",14700}"
57,123310,0,0,"[2]=123302,[3]=123303,[4]=123304,[5]=123305,[6]=123306,[8]=123308,[9]=123309,[10]=123310,[11]=123311,[12]=123312","{""exp"",13800000},{""funds"",36750}",47,第47关,"{""exp"",13800000},{""funds"",36750}"
58,50000002,0,0,[10]=123410,"{""exp"",14000000},{""item"",60019,12}",48,第48关,"{""exp"",14000000},{""item"",60019,12}"
59,123510,0,0,"[2]=123502,[3]=123503,[4]=123504,[5]=123505,[6]=123506,[8]=123508,[9]=123509,[10]=123510,[11]=123511,[12]=123512","{""exp"",14300000},{""funds"",16400}",49,第49关,"{""exp"",14300000},{""funds"",16400}"
60,50000004,0,0,[10]=123610,"{""exp"",14600000},{""funds"",41000}",50,第50关,"{""exp"",14600000},{""funds"",41000}"
61,123710,0,0,"[2]=123702,[3]=123703,[4]=123704,[5]=123705,[6]=123706,[8]=123708,[9]=123709,[10]=123710,[11]=123711,[12]=123712","{""exp"",14800000},{""item"",60019,18}",51,第51关,"{""exp"",14800000},{""item"",60019,18}"
62,50000001,0,0,[10]=231410,"{""exp"",15100000},{""funds"",18200}",52,第52关,"{""exp"",15100000},{""funds"",18200}"
63,231510,0,0,"[2]=231502,[3]=231503,[4]=231504,[5]=231505,[6]=231506,[8]=231508,[9]=231509,[10]=231510,[11]=231511,[12]=231512","{""exp"",15400000},{""funds"",45500}",53,第53关,"{""exp"",15400000},{""funds"",45500}"
64,50000005,0,0,[10]=231610,"{""exp"",15600000},{""item"",60019,18}",54,第54关,"{""exp"",15600000},{""item"",60019,18}"
65,231710,0,0,"[2]=231702,[3]=231703,[4]=231704,[5]=231705,[6]=231706,[8]=231708,[9]=231709,[10]=231710,[11]=231711,[12]=231712","{""exp"",15900000},{""funds"",20100}",55,第55关,"{""exp"",15900000},{""funds"",20100}"
66,50000001,0,0,[10]=231810,"{""exp"",16200000},{""funds"",50250}",56,第56关,"{""exp"",16200000},{""funds"",50250}"
67,231910,0,0,"[2]=231902,[3]=231903,[4]=231904,[5]=231905,[6]=231906,[8]=231908,[9]=231909,[10]=231910,[11]=231911,[12]=231912","{""exp"",16400000},{""item"",60019,18}",57,第57关,"{""exp"",16400000},{""item"",60019,18}"
68,50000005,0,0,[10]=232010,"{""exp"",16700000},{""funds"",22100}",58,第58关,"{""exp"",16700000},{""funds"",22100}"
69,232510,0,0,"[2]=232502,[3]=232503,[4]=232504,[5]=232505,[6]=232506,[8]=232508,[9]=232509,[10]=232510,[11]=232511,[12]=232512","{""exp"",17000000},{""funds"",55250}",59,第59关,"{""exp"",17000000},{""funds"",55250}"
70,232610,0,0,"[2]=232602,[3]=232603,[4]=232604,[5]=232605,[6]=232606,[8]=232608,[9]=232609,[10]=232610,[11]=232611,[12]=232612","{""exp"",17200000},{""item"",60019,18}",60,第60关,"{""exp"",17200000},{""item"",60019,18}"
71,232710,0,0,"[2]=232702,[3]=232703,[4]=232704,[5]=232705,[6]=232706,[8]=232708,[9]=232709,[10]=232710,[11]=232711,[12]=232712","{""exp"",17500000},{""funds"",24200}",61,第61关,"{""exp"",17500000},{""funds"",24200}"
72,50000005,0,0,[10]=232810,"{""exp"",17800000},{""funds"",60500}",62,第62关,"{""exp"",17800000},{""funds"",60500}"
73,50000001,0,0,[10]=232910,"{""exp"",18000000},{""item"",60019,18}",63,第63关,"{""exp"",18000000},{""item"",60019,18}"
74,50000001,0,0,[10]=233010,"{""exp"",18300000},{""funds"",26400}",64,第64关,"{""exp"",18300000},{""funds"",26400}"
75,233110,0,0,"[2]=233102,[3]=233103,[4]=233104,[5]=233105,[6]=233106,[8]=233108,[9]=233109,[10]=233110,[11]=233111,[12]=233112","{""exp"",18600000},{""funds"",66000}",65,第65关,"{""exp"",18600000},{""funds"",66000}"
76,233210,0,0,"[2]=233202,[3]=233203,[4]=233204,[5]=233205,[6]=233206,[8]=233208,[9]=233209,[10]=233210,[11]=233211,[12]=233212","{""exp"",18800000},{""item"",60019,18}",66,第66关,"{""exp"",18800000},{""item"",60019,18}"
77,233310,0,0,"[2]=233302,[3]=233303,[4]=233304,[5]=233305,[6]=233306,[8]=233308,[9]=233309,[10]=233310,[11]=233311,[12]=233312","{""exp"",19100000},{""funds"",28700}",67,第67关,"{""exp"",19100000},{""funds"",28700}"
78,233410,0,0,"[2]=233402,[3]=233403,[4]=233404,[5]=233405,[6]=233406,[8]=233408,[9]=233409,[10]=233410,[11]=233411,[12]=233412","{""exp"",19400000},{""funds"",71750}",68,第68关,"{""exp"",19400000},{""funds"",71750}"
79,233510,0,0,"[2]=233502,[3]=233503,[4]=233504,[5]=233505,[6]=233506,[8]=233508,[9]=233509,[10]=233510,[11]=233511,[12]=233512","{""exp"",19600000},{""item"",60019,18}",69,第69关,"{""exp"",19600000},{""item"",60019,18}"
80,233610,0,0,"[2]=233602,[3]=233603,[4]=233604,[5]=233605,[6]=233606,[8]=233608,[9]=233609,[10]=233610,[11]=233611,[12]=233612","{""exp"",19900000},{""funds"",31100}",70,第70关,"{""exp"",19900000},{""funds"",31100}"
81,233710,0,0,"[2]=233702,[3]=233703,[4]=233704,[5]=233705,[6]=233706,[8]=233708,[9]=233709,[10]=233710,[11]=233711,[12]=233712","{""exp"",20200000},{""funds"",77750}",71,第71关,"{""exp"",20200000},{""funds"",77750}"
82,50000006,0,0,[10]=233810,"{""exp"",20400000},{""item"",60019,18}",72,第72关,"{""exp"",20400000},{""item"",60019,18}"
83,50000001,0,0,[10]=233910,"{""exp"",20700000},{""funds"",33600}",73,第73关,"{""exp"",20700000},{""funds"",33600}"
84,234010,0,0,"[2]=234002,[3]=234003,[4]=234004,[5]=234005,[6]=234006,[8]=234008,[9]=234009,[10]=234010,[11]=234011,[12]=234012","{""exp"",21000000},{""funds"",84000}",74,第74关,"{""exp"",21000000},{""funds"",84000}"
85,50000003,0,0,[10]=234110,"{""exp"",21200000},{""item"",60019,24}",75,第75关,"{""exp"",21200000},{""item"",60019,24}"
86,234210,0,0,"[2]=234202,[3]=234203,[4]=234204,[5]=234205,[6]=234206,[8]=234208,[9]=234209,[10]=234210,[11]=234211,[12]=234212","{""exp"",21500000},{""funds"",36200}",76,第76关,"{""exp"",21500000},{""funds"",36200}"
87,234310,0,0,"[2]=234302,[3]=234303,[4]=234304,[5]=234305,[6]=234306,[8]=234308,[9]=234309,[10]=234310,[11]=234311,[12]=234312","{""exp"",21800000},{""funds"",90500}",77,第77关,"{""exp"",21800000},{""funds"",90500}"
88,234410,0,0,"[2]=234402,[3]=234403,[4]=234404,[5]=234405,[6]=234406,[8]=234408,[9]=234409,[10]=234410,[11]=234411,[12]=234412","{""exp"",22000000},{""item"",60019,24}",78,第78关,"{""exp"",22000000},{""item"",60019,24}"
89,50000001,0,0,[10]=234510,"{""exp"",22300000},{""funds"",38900}",79,第79关,"{""exp"",22300000},{""funds"",38900}"
90,234610,0,0,"[2]=234602,[3]=234603,[4]=234604,[5]=234605,[6]=234606,[8]=234608,[9]=234609,[10]=234610,[11]=234611,[12]=234612","{""exp"",22600000},{""funds"",97250}",80,第80关,"{""exp"",22600000},{""funds"",97250}"
91,50000006,0,0,[10]=234710,"{""exp"",22800000},{""item"",60019,24}",81,第81关,"{""exp"",22800000},{""item"",60019,24}"
92,50000005,0,0,[10]=234810,"{""exp"",23100000},{""funds"",41700}",82,第82关,"{""exp"",23100000},{""funds"",41700}"
93,50000002,0,0,[10]=234910,"{""exp"",23400000},{""funds"",104250}",83,第83关,"{""exp"",23400000},{""funds"",104250}"
94,50000001,0,0,[10]=235010,"{""exp"",23600000},{""item"",60019,24}",84,第84关,"{""exp"",23600000},{""item"",60019,24}"
95,235110,0,0,"[2]=235102,[3]=235103,[4]=235104,[5]=235105,[6]=235106,[8]=235108,[9]=235109,[10]=235110,[11]=235111,[12]=235112","{""exp"",23900000},{""funds"",44600}",85,第85关,"{""exp"",23900000},{""funds"",44600}"
96,50000002,0,0,[10]=235210,"{""exp"",24200000},{""funds"",111500}",86,第86关,"{""exp"",24200000},{""funds"",111500}"
97,50000002,0,0,[10]=235310,"{""exp"",24400000},{""item"",60019,24}",87,第87关,"{""exp"",24400000},{""item"",60019,24}"
98,235410,0,0,"[2]=235402,[3]=235403,[4]=235404,[5]=235405,[6]=235406,[8]=235408,[9]=235409,[10]=235410,[11]=235411,[12]=235412","{""exp"",24700000},{""funds"",47600}",88,第88关,"{""exp"",24700000},{""funds"",47600}"
99,235510,0,0,"[2]=235502,[3]=235503,[4]=235504,[5]=235505,[6]=235506,[8]=235508,[9]=235509,[10]=235510,[11]=235511,[12]=235512","{""exp"",25000000},{""funds"",119000}",89,第89关,"{""exp"",25000000},{""funds"",119000}"
100,235610,0,0,"[2]=235602,[3]=235603,[4]=235604,[5]=235605,[6]=235606,[8]=235608,[9]=235609,[10]=235610,[11]=235611,[12]=235612","{""exp"",25200000},{""item"",60019,24}",90,第90关,"{""exp"",25200000},{""item"",60019,24}"
101,235710,0,0,"[2]=235702,[3]=235703,[4]=235704,[5]=235705,[6]=235706,[8]=235708,[9]=235709,[10]=235710,[11]=235711,[12]=235712","{""exp"",25500000},{""funds"",50700}",91,第91关,"{""exp"",25500000},{""funds"",50700}"
102,50000003,0,0,[10]=235810,"{""exp"",25800000},{""funds"",126750}",92,第92关,"{""exp"",25800000},{""funds"",126750}"
103,50000005,0,0,[10]=235910,"{""exp"",26000000},{""item"",60019,24}",93,第93关,"{""exp"",26000000},{""item"",60019,24}"
104,236010,0,0,"[2]=236002,[3]=236003,[4]=236004,[5]=236005,[6]=236006,[8]=236008,[9]=236009,[10]=236010,[11]=236011,[12]=236012","{""exp"",26300000},{""funds"",53900}",94,第94关,"{""exp"",26300000},{""funds"",53900}"
105,50000005,0,0,[10]=236110,"{""exp"",26600000},{""funds"",134750}",95,第95关,"{""exp"",26600000},{""funds"",134750}"
106,236210,0,0,"[2]=236202,[3]=236203,[4]=236204,[5]=236205,[6]=236206,[8]=236208,[9]=236209,[10]=236210,[11]=236211,[12]=236212","{""exp"",26800000},{""item"",60019,24}",96,第96关,"{""exp"",26800000},{""item"",60019,24}"
107,236310,0,0,"[2]=236302,[3]=236303,[4]=236304,[5]=236305,[6]=236306,[8]=236308,[9]=236309,[10]=236310,[11]=236311,[12]=236312","{""exp"",27100000},{""funds"",57200}",97,第97关,"{""exp"",27100000},{""funds"",57200}"
108,236410,0,0,"[2]=236402,[3]=236403,[4]=236404,[5]=236405,[6]=236406,[8]=236408,[9]=236409,[10]=236410,[11]=236411,[12]=236412","{""exp"",27400000},{""funds"",143000}",98,第98关,"{""exp"",27400000},{""funds"",143000}"
109,236510,0,0,"[2]=236502,[3]=236503,[4]=236504,[5]=236505,[6]=236506,[8]=236508,[9]=236509,[10]=236510,[11]=236511,[12]=236512","{""exp"",27600000},{""item"",60019,36}",99,第99关,"{""exp"",27600000},{""item"",60019,36}"
110,236610,0,0,"[2]=236602,[3]=236603,[4]=236604,[5]=236605,[6]=236606,[8]=236608,[9]=236609,[10]=236610,[11]=236611,[12]=236612","{""exp"",27900000},{""funds"",60600}",100,第100关,"{""exp"",27900000},{""funds"",60600}"
111,236710,0,0,"[2]=236702,[3]=236703,[4]=236704,[5]=236705,[6]=236706,[8]=236708,[9]=236709,[10]=236710,[11]=236711,[12]=236712","{""exp"",28200000},{""funds"",151500}",101,第101关,"{""exp"",28200000},{""funds"",151500}"
112,236810,0,0,"[2]=236802,[3]=236803,[4]=236804,[5]=236805,[6]=236806,[8]=236808,[9]=236809,[10]=236810,[11]=236811,[12]=236812","{""exp"",28400000},{""item"",60019,36}",102,第102关,"{""exp"",28400000},{""item"",60019,36}"
113,50000005,0,0,[10]=236910,"{""exp"",28700000},{""funds"",64100}",103,第103关,"{""exp"",28700000},{""funds"",64100}"
114,237010,0,0,"[2]=237002,[3]=237003,[4]=237004,[5]=237005,[6]=237006,[8]=237008,[9]=237009,[10]=237010,[11]=237011,[12]=237012","{""exp"",29000000},{""funds"",160250}",104,第104关,"{""exp"",29000000},{""funds"",160250}"
115,50000004,0,0,[10]=237110,"{""exp"",29200000},{""item"",60019,36}",105,第105关,"{""exp"",29200000},{""item"",60019,36}"
116,50000005,0,0,[10]=237210,"{""exp"",29500000},{""funds"",67700}",106,第106关,"{""exp"",29500000},{""funds"",67700}"
117,50000005,0,0,[10]=237310,"{""exp"",29800000},{""funds"",169250}",107,第107关,"{""exp"",29800000},{""funds"",169250}"
118,237410,0,0,"[2]=237402,[3]=237403,[4]=237404,[5]=237405,[6]=237406,[8]=237408,[9]=237409,[10]=237410,[11]=237411,[12]=237412","{""exp"",30000000},{""item"",60019,36}",108,第108关,"{""exp"",30000000},{""item"",60019,36}"
119,237510,0,0,"[2]=237502,[3]=237503,[4]=237504,[5]=237505,[6]=237506,[8]=237508,[9]=237509,[10]=237510,[11]=237511,[12]=237512","{""exp"",30300000},{""funds"",71400}",109,第109关,"{""exp"",30300000},{""funds"",71400}"
120,50000001,0,0,[10]=237610,"{""exp"",30600000},{""funds"",178500}",110,第110关,"{""exp"",30600000},{""funds"",178500}"
121,237710,0,0,"[2]=237702,[3]=237703,[4]=237704,[5]=237705,[6]=237706,[8]=237708,[9]=237709,[10]=237710,[11]=237711,[12]=237712","{""exp"",30800000},{""item"",60019,36}",111,第111关,"{""exp"",30800000},{""item"",60019,36}"
122,237810,0,0,"[2]=237802,[3]=237803,[4]=237804,[5]=237805,[6]=237806,[8]=237808,[9]=237809,[10]=237810,[11]=237811,[12]=237812","{""exp"",31100000},{""funds"",75200}",112,第112关,"{""exp"",31100000},{""funds"",75200}"
123,237910,0,0,"[2]=237902,[3]=237903,[4]=237904,[5]=237905,[6]=237906,[8]=237908,[9]=237909,[10]=237910,[11]=237911,[12]=237912","{""exp"",31400000},{""funds"",188000}",113,第113关,"{""exp"",31400000},{""funds"",188000}"
124,238010,0,0,"[2]=238002,[3]=238003,[4]=238004,[5]=238005,[6]=238006,[8]=238008,[9]=238009,[10]=238010,[11]=238011,[12]=238012","{""exp"",31600000},{""item"",60019,36}",114,第114关,"{""exp"",31600000},{""item"",60019,36}"
125,50000006,0,0,[10]=238110,"{""exp"",31900000},{""funds"",79100}",115,第115关,"{""exp"",31900000},{""funds"",79100}"
126,238210,0,0,"[2]=238202,[3]=238203,[4]=238204,[5]=238205,[6]=238206,[8]=238208,[9]=238209,[10]=238210,[11]=238211,[12]=238212","{""exp"",32200000},{""funds"",197750}",116,第116关,"{""exp"",32200000},{""funds"",197750}"
127,50000001,0,0,[10]=238310,"{""exp"",32400000},{""item"",60019,36}",117,第117关,"{""exp"",32400000},{""item"",60019,36}"
128,238410,0,0,"[2]=238402,[3]=238403,[4]=238404,[5]=238405,[6]=238406,[8]=238408,[9]=238409,[10]=238410,[11]=238411,[12]=238412","{""exp"",32700000},{""funds"",83100}",118,第118关,"{""exp"",32700000},{""funds"",83100}"
129,50000002,0,0,[10]=238510,"{""exp"",33000000},{""funds"",207750}",119,第119关,"{""exp"",33000000},{""funds"",207750}"
130,238610,0,0,"[2]=238602,[3]=238603,[4]=238604,[5]=238605,[6]=238606,[8]=238608,[9]=238609,[10]=238610,[11]=238611,[12]=238612","{""exp"",33200000},{""item"",60019,36}",120,第120关,"{""exp"",33200000},{""item"",60019,36}"
131,238710,0,0,"[2]=238702,[3]=238703,[4]=238704,[5]=238705,[6]=238706,[8]=238708,[9]=238709,[10]=238710,[11]=238711,[12]=238712","{""exp"",33500000},{""funds"",87200}",121,第121关,"{""exp"",33500000},{""funds"",87200}"
132,238810,0,0,"[2]=238802,[3]=238803,[4]=238804,[5]=238805,[6]=238806,[8]=238808,[9]=238809,[10]=238810,[11]=238811,[12]=238812","{""exp"",33800000},{""funds"",218000}",122,第122关,"{""exp"",33800000},{""funds"",218000}"
133,238910,0,0,"[2]=238902,[3]=238903,[4]=238904,[5]=238905,[6]=238906,[8]=238908,[9]=238909,[10]=238910,[11]=238911,[12]=238912","{""exp"",34000000},{""item"",60019,48}",123,第123关,"{""exp"",34000000},{""item"",60019,48}"
134,50000003,0,0,[10]=239010,"{""exp"",34300000},{""funds"",91400}",124,第124关,"{""exp"",34300000},{""funds"",91400}"
135,50000003,0,0,[10]=239110,"{""exp"",34600000},{""funds"",228500}",125,第125关,"{""exp"",34600000},{""funds"",228500}"
136,239210,0,0,"[2]=239202,[3]=239203,[4]=239204,[5]=239205,[6]=239206,[8]=239208,[9]=239209,[10]=239210,[11]=239211,[12]=239212","{""exp"",34800000},{""item"",60019,48}",126,第126关,"{""exp"",34800000},{""item"",60019,48}"
137,239310,0,0,"[2]=239302,[3]=239303,[4]=239304,[5]=239305,[6]=239306,[8]=239308,[9]=239309,[10]=239310,[11]=239311,[12]=239312","{""exp"",35100000},{""funds"",95700}",127,第127关,"{""exp"",35100000},{""funds"",95700}"
138,50000004,0,0,[10]=239410,"{""exp"",35400000},{""funds"",239250}",128,第128关,"{""exp"",35400000},{""funds"",239250}"
139,239510,0,0,"[2]=239502,[3]=239503,[4]=239504,[5]=239505,[6]=239506,[8]=239508,[9]=239509,[10]=239510,[11]=239511,[12]=239512","{""exp"",35600000},{""item"",60019,48}",129,第129关,"{""exp"",35600000},{""item"",60019,48}"
140,239610,0,0,"[2]=239602,[3]=239603,[4]=239604,[5]=239605,[6]=239606,[8]=239608,[9]=239609,[10]=239610,[11]=239611,[12]=239612","{""exp"",35900000},{""funds"",100100}",130,第130关,"{""exp"",35900000},{""funds"",100100}"
141,239710,0,0,"[2]=239702,[3]=239703,[4]=239704,[5]=239705,[6]=239706,[8]=239708,[9]=239709,[10]=239710,[11]=239711,[12]=239712","{""exp"",36200000},{""funds"",250250}",131,第131关,"{""exp"",36200000},{""funds"",250250}"
142,239810,0,0,"[2]=239802,[3]=239803,[4]=239804,[5]=239805,[6]=239806,[8]=239808,[9]=239809,[10]=239810,[11]=239811,[12]=239812","{""exp"",36400000},{""item"",60019,48}",132,第132关,"{""exp"",36400000},{""item"",60019,48}"
143,50000004,0,0,[10]=239910,"{""exp"",36700000},{""funds"",104600}",133,第133关,"{""exp"",36700000},{""funds"",104600}"
144,50000003,0,0,[10]=240010,"{""exp"",37000000},{""funds"",261500}",134,第134关,"{""exp"",37000000},{""funds"",261500}"
145,50000005,0,0,[10]=240110,"{""exp"",37200000},{""item"",60019,48}",135,第135关,"{""exp"",37200000},{""item"",60019,48}"
146,240210,0,0,"[2]=240202,[3]=240203,[4]=240204,[5]=240205,[6]=240206,[8]=240208,[9]=240209,[10]=240210,[11]=240211,[12]=240212","{""exp"",37500000},{""funds"",109200}",136,第136关,"{""exp"",37500000},{""funds"",109200}"
147,240310,0,0,"[2]=240302,[3]=240303,[4]=240304,[5]=240305,[6]=240306,[8]=240308,[9]=240309,[10]=240310,[11]=240311,[12]=240312","{""exp"",37800000},{""funds"",273000}",137,第137关,"{""exp"",37800000},{""funds"",273000}"
148,50000006,0,0,[10]=240410,"{""exp"",38000000},{""item"",60019,48}",138,第138关,"{""exp"",38000000},{""item"",60019,48}"
149,240510,0,0,"[2]=240502,[3]=240503,[4]=240504,[5]=240505,[6]=240506,[8]=240508,[9]=240509,[10]=240510,[11]=240511,[12]=240512","{""exp"",38300000},{""funds"",113900}",139,第139关,"{""exp"",38300000},{""funds"",113900}"
150,240610,0,0,"[2]=240602,[3]=240603,[4]=240604,[5]=240605,[6]=240606,[8]=240608,[9]=240609,[10]=240610,[11]=240611,[12]=240612","{""exp"",38600000},{""funds"",284750}",140,第140关,"{""exp"",38600000},{""funds"",284750}"
151,240710,0,0,"[2]=240702,[3]=240703,[4]=240704,[5]=240705,[6]=240706,[8]=240708,[9]=240709,[10]=240710,[11]=240711,[12]=240712","{""exp"",38800000},{""item"",60019,48}",141,第141关,"{""exp"",38800000},{""item"",60019,48}"
152,241310,0,0,"[2]=241302,[3]=241303,[4]=241304,[5]=241305,[6]=241306,[8]=241308,[9]=241309,[10]=241310,[11]=241311,[12]=241312","{""exp"",39100000},{""funds"",118700}",142,第142关,"{""exp"",39100000},{""funds"",118700}"
153,241410,0,0,"[2]=241402,[3]=241403,[4]=241404,[5]=241405,[6]=241406,[8]=241408,[9]=241409,[10]=241410,[11]=241411,[12]=241412","{""exp"",39400000},{""funds"",296750}",143,第143关,"{""exp"",39400000},{""funds"",296750}"
154,241510,0,0,"[2]=241502,[3]=241503,[4]=241504,[5]=241505,[6]=241506,[8]=241508,[9]=241509,[10]=241510,[11]=241511,[12]=241512","{""exp"",39600000},{""item"",60019,48}",144,第144关,"{""exp"",39600000},{""item"",60019,48}"
155,241610,0,0,"[2]=241602,[3]=241603,[4]=241604,[5]=241605,[6]=241606,[8]=241608,[9]=241609,[10]=241610,[11]=241611,[12]=241612","{""exp"",39900000},{""funds"",123600}",145,第145关,"{""exp"",39900000},{""funds"",123600}"
156,50000003,0,0,[10]=241710,"{""exp"",40200000},{""funds"",309000}",146,第146关,"{""exp"",40200000},{""funds"",309000}"
157,50000004,0,0,[10]=241810,"{""exp"",40400000},{""item"",60019,54}",147,第147关,"{""exp"",40400000},{""item"",60019,54}"
158,241910,0,0,"[2]=241902,[3]=241903,[4]=241904,[5]=241905,[6]=241906,[8]=241908,[9]=241909,[10]=241910,[11]=241911,[12]=241912","{""exp"",40700000},{""funds"",128600}",148,第148关,"{""exp"",40700000},{""funds"",128600}"
159,242010,0,0,"[2]=242002,[3]=242003,[4]=242004,[5]=242005,[6]=242006,[8]=242008,[9]=242009,[10]=242010,[11]=242011,[12]=242012","{""exp"",41000000},{""funds"",321500}",149,第149关,"{""exp"",41000000},{""funds"",321500}"
160,50000004,0,0,[10]=242110,"{""exp"",41200000},{""item"",60019,54}",150,第150关,"{""exp"",41200000},{""item"",60019,54}"
161,242210,0,0,"[2]=242202,[3]=242203,[4]=242204,[5]=242205,[6]=242206,[8]=242208,[9]=242209,[10]=242210,[11]=242211,[12]=242212","{""exp"",41500000},{""funds"",133700}",151,第151关,"{""exp"",41500000},{""funds"",133700}"
162,242310,0,0,"[2]=242302,[3]=242303,[4]=242304,[5]=242305,[6]=242306,[8]=242308,[9]=242309,[10]=242310,[11]=242311,[12]=242312","{""exp"",41800000},{""funds"",334250}",152,第152关,"{""exp"",41800000},{""funds"",334250}"
163,242410,0,0,"[2]=242402,[3]=242403,[4]=242404,[5]=242405,[6]=242406,[8]=242408,[9]=242409,[10]=242410,[11]=242411,[12]=242412","{""exp"",42000000},{""item"",60019,54}",153,第153关,"{""exp"",42000000},{""item"",60019,54}"
164,50000005,0,0,[10]=242510,"{""exp"",42300000},{""funds"",138900}",154,第154关,"{""exp"",42300000},{""funds"",138900}"
165,50000004,0,0,[10]=242610,"{""exp"",42600000},{""funds"",347250}",155,第155关,"{""exp"",42600000},{""funds"",347250}"
166,50000001,0,0,[10]=242710,"{""exp"",42800000},{""item"",60019,54}",156,第156关,"{""exp"",42800000},{""item"",60019,54}"
167,242810,0,0,"[2]=242802,[3]=242803,[4]=242804,[5]=242805,[6]=242806,[8]=242808,[9]=242809,[10]=242810,[11]=242811,[12]=242812","{""exp"",43100000},{""funds"",144200}",157,第157关,"{""exp"",43100000},{""funds"",144200}"
168,242910,0,0,"[2]=242902,[3]=242903,[4]=242904,[5]=242905,[6]=242906,[8]=242908,[9]=242909,[10]=242910,[11]=242911,[12]=242912","{""exp"",43400000},{""funds"",360500}",158,第158关,"{""exp"",43400000},{""funds"",360500}"
169,50000001,0,0,[10]=243010,"{""exp"",43600000},{""item"",60019,54}",159,第159关,"{""exp"",43600000},{""item"",60019,54}"
170,243110,0,0,"[2]=243102,[3]=243103,[4]=243104,[5]=243105,[6]=243106,[8]=243108,[9]=243109,[10]=243110,[11]=243111,[12]=243112","{""exp"",43900000},{""funds"",149600}",160,第160关,"{""exp"",43900000},{""funds"",149600}"
171,50000003,0,0,[10]=243210,"{""exp"",44200000},{""funds"",374000}",161,第161关,"{""exp"",44200000},{""funds"",374000}"
172,243310,0,0,"[2]=243302,[3]=243303,[4]=243304,[5]=243305,[6]=243306,[8]=243308,[9]=243309,[10]=243310,[11]=243311,[12]=243312","{""exp"",44400000},{""item"",60019,54}",162,第162关,"{""exp"",44400000},{""item"",60019,54}"
173,243410,0,0,"[2]=243402,[3]=243403,[4]=243404,[5]=243405,[6]=243406,[8]=243408,[9]=243409,[10]=243410,[11]=243411,[12]=243412","{""exp"",44700000},{""funds"",155100}",163,第163关,"{""exp"",44700000},{""funds"",155100}"
174,243510,0,0,"[2]=243502,[3]=243503,[4]=243504,[5]=243505,[6]=243506,[8]=243508,[9]=243509,[10]=243510,[11]=243511,[12]=243512","{""exp"",45000000},{""funds"",387750}",164,第164关,"{""exp"",45000000},{""funds"",387750}"
175,243610,0,0,"[2]=243602,[3]=243603,[4]=243604,[5]=243605,[6]=243606,[8]=243608,[9]=243609,[10]=243610,[11]=243611,[12]=243612","{""exp"",45200000},{""item"",60019,54}",165,第165关,"{""exp"",45200000},{""item"",60019,54}"
176,243710,0,0,"[2]=243702,[3]=243703,[4]=243704,[5]=243705,[6]=243706,[8]=243708,[9]=243709,[10]=243710,[11]=243711,[12]=243712","{""exp"",45500000},{""funds"",160700}",166,第166关,"{""exp"",45500000},{""funds"",160700}"
177,243810,0,0,"[2]=243802,[3]=243803,[4]=243804,[5]=243805,[6]=243806,[8]=243808,[9]=243809,[10]=243810,[11]=243811,[12]=243812","{""exp"",45800000},{""funds"",401750}",167,第167关,"{""exp"",45800000},{""funds"",401750}"
178,50000004,0,0,[10]=243910,"{""exp"",46000000},{""item"",60019,54}",168,第168关,"{""exp"",46000000},{""item"",60019,54}"
179,244010,0,0,"[2]=244002,[3]=244003,[4]=244004,[5]=244005,[6]=244006,[8]=244008,[9]=244009,[10]=244010,[11]=244011,[12]=244012","{""exp"",46300000},{""funds"",166400}",169,第169关,"{""exp"",46300000},{""funds"",166400}"
180,244110,0,0,"[2]=244102,[3]=244103,[4]=244104,[5]=244105,[6]=244106,[8]=244108,[9]=244109,[10]=244110,[11]=244111,[12]=244112","{""exp"",46600000},{""funds"",416000}",170,第170关,"{""exp"",46600000},{""funds"",416000}"
181,244210,0,0,"[2]=244202,[3]=244203,[4]=244204,[5]=244205,[6]=244206,[8]=244208,[9]=244209,[10]=244210,[11]=244211,[12]=244212","{""exp"",46800000},{""item"",60019,60}",171,第171关,"{""exp"",46800000},{""item"",60019,60}"
182,50000005,0,0,[10]=244310,"{""exp"",47100000},{""funds"",172200}",172,第172关,"{""exp"",47100000},{""funds"",172200}"
183,50000002,0,0,[10]=244410,"{""exp"",47400000},{""funds"",430500}",173,第173关,"{""exp"",47400000},{""funds"",430500}"
184,244510,0,0,"[2]=244502,[3]=244503,[4]=244504,[5]=244505,[6]=244506,[8]=244508,[9]=244509,[10]=244510,[11]=244511,[12]=244512","{""exp"",47600000},{""item"",60019,60}",174,第174关,"{""exp"",47600000},{""item"",60019,60}"
185,50000002,0,0,[10]=244610,"{""exp"",47900000},{""funds"",178100}",175,第175关,"{""exp"",47900000},{""funds"",178100}"
186,50000006,0,0,[10]=244710,"{""exp"",48200000},{""funds"",445250}",176,第176关,"{""exp"",48200000},{""funds"",445250}"
187,244810,0,0,"[2]=244802,[3]=244803,[4]=244804,[5]=244805,[6]=244806,[8]=244808,[9]=244809,[10]=244810,[11]=244811,[12]=244812","{""exp"",48400000},{""item"",60019,60}",177,第177关,"{""exp"",48400000},{""item"",60019,60}"
188,50000003,0,0,[10]=244910,"{""exp"",48700000},{""funds"",184100}",178,第178关,"{""exp"",48700000},{""funds"",184100}"
189,245010,0,0,"[2]=245002,[3]=245003,[4]=245004,[5]=245005,[6]=245006,[8]=245008,[9]=245009,[10]=245010,[11]=245011,[12]=245012","{""exp"",49000000},{""funds"",460250}",179,第179关,"{""exp"",49000000},{""funds"",460250}"
190,245110,0,0,"[2]=245102,[3]=245103,[4]=245104,[5]=245105,[6]=245106,[8]=245108,[9]=245109,[10]=245110,[11]=245111,[12]=245112","{""exp"",49200000},{""item"",60019,60}",180,第180关,"{""exp"",49200000},{""item"",60019,60}"
191,245210,0,0,"[2]=245202,[3]=245203,[4]=245204,[5]=245205,[6]=245206,[8]=245208,[9]=245209,[10]=245210,[11]=245211,[12]=245212","{""exp"",49500000},{""funds"",190200}",181,第181关,"{""exp"",49500000},{""funds"",190200}"
192,245310,0,0,"[2]=245302,[3]=245303,[4]=245304,[5]=245305,[6]=245306,[8]=245308,[9]=245309,[10]=245310,[11]=245311,[12]=245312","{""exp"",49800000},{""funds"",475500}",182,第182关,"{""exp"",49800000},{""funds"",475500}"
193,50000001,0,0,[10]=245410,"{""exp"",50000000},{""item"",60019,60}",183,第183关,"{""exp"",50000000},{""item"",60019,60}"
194,245510,0,0,"[2]=245502,[3]=245503,[4]=245504,[5]=245505,[6]=245506,[8]=245508,[9]=245509,[10]=245510,[11]=245511,[12]=245512","{""exp"",50300000},{""funds"",196400}",184,第184关,"{""exp"",50300000},{""funds"",196400}"
195,50000001,0,0,[10]=245610,"{""exp"",50600000},{""funds"",491000}",185,第185关,"{""exp"",50600000},{""funds"",491000}"
196,50000001,0,0,[10]=245710,"{""exp"",50800000},{""item"",60019,60}",186,第186关,"{""exp"",50800000},{""item"",60019,60}"
197,50000001,0,0,[10]=245810,"{""exp"",51100000},{""funds"",202700}",187,第187关,"{""exp"",51100000},{""funds"",202700}"
198,245910,0,0,"[2]=245902,[3]=245903,[4]=245904,[5]=245905,[6]=245906,[8]=245908,[9]=245909,[10]=245910,[11]=245911,[12]=245912","{""exp"",51400000},{""funds"",506750}",188,第188关,"{""exp"",51400000},{""funds"",506750}"
199,246010,0,0,"[2]=246002,[3]=246003,[4]=246004,[5]=246005,[6]=246006,[8]=246008,[9]=246009,[10]=246010,[11]=246011,[12]=246012","{""exp"",51600000},{""item"",60019,60}",189,第189关,"{""exp"",51600000},{""item"",60019,60}"
200,246110,0,0,"[2]=246102,[3]=246103,[4]=246104,[5]=246105,[6]=246106,[8]=246108,[9]=246109,[10]=246110,[11]=246111,[12]=246112","{""exp"",51900000},{""funds"",209100}",190,第190关,"{""exp"",51900000},{""funds"",209100}"
201,50000004,0,0,[10]=246210,"{""exp"",52200000},{""funds"",522750}",191,第191关,"{""exp"",52200000},{""funds"",522750}"
202,246310,0,0,"[2]=246302,[3]=246303,[4]=246304,[5]=246305,[6]=246306,[8]=246308,[9]=246309,[10]=246310,[11]=246311,[12]=246312","{""exp"",52400000},{""item"",60019,60}",192,第192关,"{""exp"",52400000},{""item"",60019,60}"
203,246410,0,0,"[2]=246402,[3]=246403,[4]=246404,[5]=246405,[6]=246406,[8]=246408,[9]=246409,[10]=246410,[11]=246411,[12]=246412","{""exp"",52700000},{""funds"",215600}",193,第193关,"{""exp"",52700000},{""funds"",215600}"
204,246510,0,0,"[2]=246502,[3]=246503,[4]=246504,[5]=246505,[6]=246506,[8]=246508,[9]=246509,[10]=246510,[11]=246511,[12]=246512","{""exp"",53000000},{""funds"",539000}",194,第194关,"{""exp"",53000000},{""funds"",539000}"
205,246610,0,0,"[2]=246602,[3]=246603,[4]=246604,[5]=246605,[6]=246606,[8]=246608,[9]=246609,[10]=246610,[11]=246611,[12]=246612","{""exp"",53200000},{""item"",60019,66}",195,第195关,"{""exp"",53200000},{""item"",60019,66}"
206,246710,0,0,"[2]=246702,[3]=246703,[4]=246704,[5]=246705,[6]=246706,[8]=246708,[9]=246709,[10]=246710,[11]=246711,[12]=246712","{""exp"",53500000},{""funds"",222200}",196,第196关,"{""exp"",53500000},{""funds"",222200}"
207,246810,0,0,"[2]=246802,[3]=246803,[4]=246804,[5]=246805,[6]=246806,[8]=246808,[9]=246809,[10]=246810,[11]=246811,[12]=246812","{""exp"",53800000},{""funds"",555500}",197,第197关,"{""exp"",53800000},{""funds"",555500}"
208,246910,0,0,"[2]=246902,[3]=246903,[4]=246904,[5]=246905,[6]=246906,[8]=246908,[9]=246909,[10]=246910,[11]=246911,[12]=246912","{""exp"",54000000},{""item"",60019,66}",198,第198关,"{""exp"",54000000},{""item"",60019,66}"
209,247010,0,0,"[2]=247002,[3]=247003,[4]=247004,[5]=247005,[6]=247006,[8]=247008,[9]=247009,[10]=247010,[11]=247011,[12]=247012","{""exp"",54300000},{""funds"",228900}",199,第199关,"{""exp"",54300000},{""funds"",228900}"
210,247110,0,0,"[2]=247102,[3]=247103,[4]=247104,[5]=247105,[6]=247106,[8]=247108,[9]=247109,[10]=247110,[11]=247111,[12]=247112","{""exp"",54600000},{""funds"",572250}",200,第200关,"{""exp"",54600000},{""funds"",572250}"
211,50000001,0,0,[10]=247210,"{""exp"",54800000},{""item"",60019,66}",201,第201关,"{""exp"",54800000},{""item"",60019,66}"
212,247310,0,0,"[2]=247302,[3]=247303,[4]=247304,[5]=247305,[6]=247306,[8]=247308,[9]=247309,[10]=247310,[11]=247311,[12]=247312","{""exp"",55100000},{""funds"",235700}",202,第202关,"{""exp"",55100000},{""funds"",235700}"
213,247410,0,0,"[2]=247402,[3]=247403,[4]=247404,[5]=247405,[6]=247406,[8]=247408,[9]=247409,[10]=247410,[11]=247411,[12]=247412","{""exp"",55400000},{""funds"",589250}",203,第203关,"{""exp"",55400000},{""funds"",589250}"
214,247510,0,0,"[2]=247502,[3]=247503,[4]=247504,[5]=247505,[6]=247506,[8]=247508,[9]=247509,[10]=247510,[11]=247511,[12]=247512","{""exp"",55600000},{""item"",60019,66}",204,第204关,"{""exp"",55600000},{""item"",60019,66}"
215,50000001,0,0,[10]=247610,"{""exp"",55900000},{""funds"",242600}",205,第205关,"{""exp"",55900000},{""funds"",242600}"
216,247710,0,0,"[2]=247702,[3]=247703,[4]=247704,[5]=247705,[6]=247706,[8]=247708,[9]=247709,[10]=247710,[11]=247711,[12]=247712","{""exp"",56200000},{""funds"",606500}",206,第206关,"{""exp"",56200000},{""funds"",606500}"
217,247810,0,0,"[2]=247802,[3]=247803,[4]=247804,[5]=247805,[6]=247806,[8]=247808,[9]=247809,[10]=247810,[11]=247811,[12]=247812","{""exp"",56400000},{""item"",60019,66}",207,第207关,"{""exp"",56400000},{""item"",60019,66}"
218,247910,0,0,"[2]=247902,[3]=247903,[4]=247904,[5]=247905,[6]=247906,[8]=247908,[9]=247909,[10]=247910,[11]=247911,[12]=247912","{""exp"",56700000},{""funds"",249600}",208,第208关,"{""exp"",56700000},{""funds"",249600}"
219,248010,0,0,"[2]=248002,[3]=248003,[4]=248004,[5]=248005,[6]=248006,[8]=248008,[9]=248009,[10]=248010,[11]=248011,[12]=248012","{""exp"",57000000},{""funds"",624000}",209,第209关,"{""exp"",57000000},{""funds"",624000}"
220,50000004,0,0,[10]=248110,"{""exp"",57200000},{""item"",60019,66}",210,第210关,"{""exp"",57200000},{""item"",60019,66}"
221,248210,0,0,"[2]=248202,[3]=248203,[4]=248204,[5]=248205,[6]=248206,[8]=248208,[9]=248209,[10]=248210,[11]=248211,[12]=248212","{""exp"",57500000},{""funds"",256700}",211,第211关,"{""exp"",57500000},{""funds"",256700}"
222,248310,0,0,"[2]=248302,[3]=248303,[4]=248304,[5]=248305,[6]=248306,[8]=248308,[9]=248309,[10]=248310,[11]=248311,[12]=248312","{""exp"",57800000},{""funds"",641750}",212,第212关,"{""exp"",57800000},{""funds"",641750}"
223,248410,0,0,"[2]=248402,[3]=248403,[4]=248404,[5]=248405,[6]=248406,[8]=248408,[9]=248409,[10]=248410,[11]=248411,[12]=248412","{""exp"",58000000},{""item"",60019,66}",213,第213关,"{""exp"",58000000},{""item"",60019,66}"
224,248510,0,0,"[2]=248502,[3]=248503,[4]=248504,[5]=248505,[6]=248506,[8]=248508,[9]=248509,[10]=248510,[11]=248511,[12]=248512","{""exp"",58300000},{""funds"",263900}",214,第214关,"{""exp"",58300000},{""funds"",263900}"
225,248610,0,0,"[2]=248602,[3]=248603,[4]=248604,[5]=248605,[6]=248606,[8]=248608,[9]=248609,[10]=248610,[11]=248611,[12]=248612","{""exp"",58600000},{""funds"",659750}",215,第215关,"{""exp"",58600000},{""funds"",659750}"
226,50000001,0,0,[10]=248710,"{""exp"",58800000},{""item"",60019,66}",216,第216关,"{""exp"",58800000},{""item"",60019,66}"
227,248810,0,0,"[2]=248802,[3]=248803,[4]=248804,[5]=248805,[6]=248806,[8]=248808,[9]=248809,[10]=248810,[11]=248811,[12]=248812","{""exp"",59100000},{""funds"",271200}",217,第217关,"{""exp"",59100000},{""funds"",271200}"
228,50000004,0,0,[10]=248910,"{""exp"",59400000},{""funds"",678000}",218,第218关,"{""exp"",59400000},{""funds"",678000}"
229,249010,0,0,"[2]=249002,[3]=249003,[4]=249004,[5]=249005,[6]=249006,[8]=249008,[9]=249009,[10]=249010,[11]=249011,[12]=249012","{""exp"",59600000},{""item"",60019,72}",219,第219关,"{""exp"",59600000},{""item"",60019,72}"
230,249110,0,0,"[2]=249102,[3]=249103,[4]=249104,[5]=249105,[6]=249106,[8]=249108,[9]=249109,[10]=249110,[11]=249111,[12]=249112","{""exp"",59900000},{""funds"",278600}",220,第220关,"{""exp"",59900000},{""funds"",278600}"
231,249210,0,0,"[2]=249202,[3]=249203,[4]=249204,[5]=249205,[6]=249206,[8]=249208,[9]=249209,[10]=249210,[11]=249211,[12]=249212","{""exp"",60200000},{""funds"",696500}",221,第221关,"{""exp"",60200000},{""funds"",696500}"
232,249310,0,0,"[2]=249302,[3]=249303,[4]=249304,[5]=249305,[6]=249306,[8]=249308,[9]=249309,[10]=249310,[11]=249311,[12]=249312","{""exp"",60400000},{""item"",60019,72}",222,第222关,"{""exp"",60400000},{""item"",60019,72}"
233,249410,0,0,"[2]=249402,[3]=249403,[4]=249404,[5]=249405,[6]=249406,[8]=249408,[9]=249409,[10]=249410,[11]=249411,[12]=249412","{""exp"",60700000},{""funds"",286100}",223,第223关,"{""exp"",60700000},{""funds"",286100}"
234,249510,0,0,"[2]=249502,[3]=249503,[4]=249504,[5]=249505,[6]=249506,[8]=249508,[9]=249509,[10]=249510,[11]=249511,[12]=249512","{""exp"",61000000},{""funds"",715250}",224,第224关,"{""exp"",61000000},{""funds"",715250}"
235,50000002,0,0,[10]=249610,"{""exp"",61200000},{""item"",60019,72}",225,第225关,"{""exp"",61200000},{""item"",60019,72}"
236,249710,0,0,"[2]=249702,[3]=249703,[4]=249704,[5]=249705,[6]=249706,[8]=249708,[9]=249709,[10]=249710,[11]=249711,[12]=249712","{""exp"",61500000},{""funds"",293700}",226,第226关,"{""exp"",61500000},{""funds"",293700}"
237,249810,0,0,"[2]=249802,[3]=249803,[4]=249804,[5]=249805,[6]=249806,[8]=249808,[9]=249809,[10]=249810,[11]=249811,[12]=249812","{""exp"",61800000},{""funds"",734250}",227,第227关,"{""exp"",61800000},{""funds"",734250}"
238,50000001,0,0,[10]=249910,"{""exp"",62000000},{""item"",60019,72}",228,第228关,"{""exp"",62000000},{""item"",60019,72}"
239,250010,0,0,"[2]=250002,[3]=250003,[4]=250004,[5]=250005,[6]=250006,[8]=250008,[9]=250009,[10]=250010,[11]=250011,[12]=250012","{""exp"",62300000},{""funds"",301400}",229,第229关,"{""exp"",62300000},{""funds"",301400}"
240,250110,0,0,"[2]=250102,[3]=250103,[4]=250104,[5]=250105,[6]=250106,[8]=250108,[9]=250109,[10]=250110,[11]=250111,[12]=250112","{""exp"",62600000},{""funds"",753500}",230,第230关,"{""exp"",62600000},{""funds"",753500}"
241,50000004,0,0,[10]=250210,"{""exp"",62800000},{""item"",60019,72}",231,第231关,"{""exp"",62800000},{""item"",60019,72}"
242,250310,0,0,"[2]=250302,[3]=250303,[4]=250304,[5]=250305,[6]=250306,[8]=250308,[9]=250309,[10]=250310,[11]=250311,[12]=250312","{""exp"",63100000},{""funds"",309200}",232,第232关,"{""exp"",63100000},{""funds"",309200}"
243,50000005,0,0,[10]=250410,"{""exp"",63400000},{""funds"",773000}",233,第233关,"{""exp"",63400000},{""funds"",773000}"
244,250510,0,0,"[2]=250502,[3]=250503,[4]=250504,[5]=250505,[6]=250506,[8]=250508,[9]=250509,[10]=250510,[11]=250511,[12]=250512","{""exp"",63600000},{""item"",60019,72}",234,第234关,"{""exp"",63600000},{""item"",60019,72}"
245,250610,0,0,"[2]=250602,[3]=250603,[4]=250604,[5]=250605,[6]=250606,[8]=250608,[9]=250609,[10]=250610,[11]=250611,[12]=250612","{""exp"",63900000},{""funds"",317100}",235,第235关,"{""exp"",63900000},{""funds"",317100}"
246,250710,0,0,"[2]=250702,[3]=250703,[4]=250704,[5]=250705,[6]=250706,[8]=250708,[9]=250709,[10]=250710,[11]=250711,[12]=250712","{""exp"",64200000},{""funds"",792750}",236,第236关,"{""exp"",64200000},{""funds"",792750}"
247,250810,0,0,"[2]=250802,[3]=250803,[4]=250804,[5]=250805,[6]=250806,[8]=250808,[9]=250809,[10]=250810,[11]=250811,[12]=250812","{""exp"",64400000},{""item"",60019,72}",237,第237关,"{""exp"",64400000},{""item"",60019,72}"
248,250910,0,0,"[2]=250902,[3]=250903,[4]=250904,[5]=250905,[6]=250906,[8]=250908,[9]=250909,[10]=250910,[11]=250911,[12]=250912","{""exp"",64700000},{""funds"",325100}",238,第238关,"{""exp"",64700000},{""funds"",325100}"
249,251010,0,0,"[2]=251002,[3]=251003,[4]=251004,[5]=251005,[6]=251006,[8]=251008,[9]=251009,[10]=251010,[11]=251011,[12]=251012","{""exp"",65000000},{""funds"",812750}",239,第239关,"{""exp"",65000000},{""funds"",812750}"
250,251110,0,0,"[2]=251102,[3]=251103,[4]=251104,[5]=251105,[6]=251106,[8]=251108,[9]=251109,[10]=251110,[11]=251111,[12]=251112","{""exp"",65200000},{""item"",60019,72}",240,第240关,"{""exp"",65200000},{""item"",60019,72}"
251,251210,0,0,"[2]=251202,[3]=251203,[4]=251204,[5]=251205,[6]=251206,[8]=251208,[9]=251209,[10]=251210,[11]=251211,[12]=251212","{""exp"",65500000},{""funds"",333200}",241,第241关,"{""exp"",65500000},{""funds"",333200}"
252,251310,0,0,"[2]=251302,[3]=251303,[4]=251304,[5]=251305,[6]=251306,[8]=251308,[9]=251309,[10]=251310,[11]=251311,[12]=251312","{""exp"",65800000},{""funds"",833000}",242,第242关,"{""exp"",65800000},{""funds"",833000}"
253,251410,0,0,"[2]=251402,[3]=251403,[4]=251404,[5]=251405,[6]=251406,[8]=251408,[9]=251409,[10]=251410,[11]=251411,[12]=251412","{""exp"",66000000},{""item"",60019,78}",243,第243关,"{""exp"",66000000},{""item"",60019,78}"
254,252210,0,0,"[2]=252202,[3]=252203,[4]=252204,[5]=252205,[6]=252206,[8]=252208,[9]=252209,[10]=252210,[11]=252211,[12]=252212","{""exp"",66300000},{""funds"",341400}",244,第244关,"{""exp"",66300000},{""funds"",341400}"
255,50000001,0,0,[10]=252310,"{""exp"",66600000},{""funds"",853500}",245,第245关,"{""exp"",66600000},{""funds"",853500}"
256,252410,0,0,"[2]=252402,[3]=252403,[4]=252404,[5]=252405,[6]=252406,[8]=252408,[9]=252409,[10]=252410,[11]=252411,[12]=252412","{""exp"",66800000},{""item"",60019,78}",246,第246关,"{""exp"",66800000},{""item"",60019,78}"
257,252510,0,0,"[2]=252502,[3]=252503,[4]=252504,[5]=252505,[6]=252506,[8]=252508,[9]=252509,[10]=252510,[11]=252511,[12]=252512","{""exp"",67100000},{""funds"",349700}",247,第247关,"{""exp"",67100000},{""funds"",349700}"
258,50000001,0,0,[10]=252610,"{""exp"",67400000},{""funds"",874250}",248,第248关,"{""exp"",67400000},{""funds"",874250}"
259,252710,0,0,"[2]=252702,[3]=252703,[4]=252704,[5]=252705,[6]=252706,[8]=252708,[9]=252709,[10]=252710,[11]=252711,[12]=252712","{""exp"",67600000},{""item"",60019,78}",249,第249关,"{""exp"",67600000},{""item"",60019,78}"
260,50000001,0,0,[10]=252810,"{""exp"",67900000},{""funds"",358100}",250,第250关,"{""exp"",67900000},{""funds"",358100}"
261,50000006,0,0,[10]=252910,"{""exp"",68200000},{""funds"",895250}",251,第251关,"{""exp"",68200000},{""funds"",895250}"
262,50000006,0,0,[10]=253010,"{""exp"",68400000},{""item"",60019,78}",252,第252关,"{""exp"",68400000},{""item"",60019,78}"
263,253110,0,0,"[2]=253102,[3]=253103,[4]=253104,[5]=253105,[6]=253106,[8]=253108,[9]=253109,[10]=253110,[11]=253111,[12]=253112","{""exp"",68700000},{""funds"",366600}",253,第253关,"{""exp"",68700000},{""funds"",366600}"
264,253210,0,0,"[2]=253202,[3]=253203,[4]=253204,[5]=253205,[6]=253206,[8]=253208,[9]=253209,[10]=253210,[11]=253211,[12]=253212","{""exp"",69000000},{""funds"",916500}",254,第254关,"{""exp"",69000000},{""funds"",916500}"
265,253310,0,0,"[2]=253302,[3]=253303,[4]=253304,[5]=253305,[6]=253306,[8]=253308,[9]=253309,[10]=253310,[11]=253311,[12]=253312","{""exp"",69200000},{""item"",60019,78}",255,第255关,"{""exp"",69200000},{""item"",60019,78}"
266,253410,0,0,"[2]=253402,[3]=253403,[4]=253404,[5]=253405,[6]=253406,[8]=253408,[9]=253409,[10]=253410,[11]=253411,[12]=253412","{""exp"",69500000},{""funds"",375200}",256,第256关,"{""exp"",69500000},{""funds"",375200}"
267,50000002,0,0,[10]=253510,"{""exp"",69800000},{""funds"",938000}",257,第257关,"{""exp"",69800000},{""funds"",938000}"
268,253610,0,0,"[2]=253602,[3]=253603,[4]=253604,[5]=253605,[6]=253606,[8]=253608,[9]=253609,[10]=253610,[11]=253611,[12]=253612","{""exp"",70000000},{""item"",60019,78}",258,第258关,"{""exp"",70000000},{""item"",60019,78}"
269,253710,0,0,"[2]=253702,[3]=253703,[4]=253704,[5]=253705,[6]=253706,[8]=253708,[9]=253709,[10]=253710,[11]=253711,[12]=253712","{""exp"",70300000},{""funds"",383900}",259,第259关,"{""exp"",70300000},{""funds"",383900}"
270,50000002,0,0,[10]=253810,"{""exp"",70600000},{""funds"",959750}",260,第260关,"{""exp"",70600000},{""funds"",959750}"
271,253910,0,0,"[2]=253902,[3]=253903,[4]=253904,[5]=253905,[6]=253906,[8]=253908,[9]=253909,[10]=253910,[11]=253911,[12]=253912","{""exp"",70800000},{""item"",60019,78}",261,第261关,"{""exp"",70800000},{""item"",60019,78}"
272,254010,0,0,"[2]=254002,[3]=254003,[4]=254004,[5]=254005,[6]=254006,[8]=254008,[9]=254009,[10]=254010,[11]=254011,[12]=254012","{""exp"",71100000},{""funds"",392700}",262,第262关,"{""exp"",71100000},{""funds"",392700}"
273,254110,0,0,"[2]=254102,[3]=254103,[4]=254104,[5]=254105,[6]=254106,[8]=254108,[9]=254109,[10]=254110,[11]=254111,[12]=254112","{""exp"",71400000},{""funds"",981750}",263,第263关,"{""exp"",71400000},{""funds"",981750}"
274,50000001,0,0,[10]=254210,"{""exp"",71600000},{""item"",60019,78}",264,第264关,"{""exp"",71600000},{""item"",60019,78}"
275,50000004,0,0,[10]=254310,"{""exp"",71900000},{""funds"",401600}",265,第265关,"{""exp"",71900000},{""funds"",401600}"
276,254410,0,0,"[2]=254402,[3]=254403,[4]=254404,[5]=254405,[6]=254406,[8]=254408,[9]=254409,[10]=254410,[11]=254411,[12]=254412","{""exp"",72200000},{""funds"",1004000}",266,第266关,"{""exp"",72200000},{""funds"",1004000}"
277,254510,0,0,"[2]=254502,[3]=254503,[4]=254504,[5]=254505,[6]=254506,[8]=254508,[9]=254509,[10]=254510,[11]=254511,[12]=254512","{""exp"",72400000},{""item"",60019,84}",267,第267关,"{""exp"",72400000},{""item"",60019,84}"
278,50000005,0,0,[10]=254610,"{""exp"",72700000},{""funds"",410600}",268,第268关,"{""exp"",72700000},{""funds"",410600}"
279,254710,0,0,"[2]=254702,[3]=254703,[4]=254704,[5]=254705,[6]=254706,[8]=254708,[9]=254709,[10]=254710,[11]=254711,[12]=254712","{""exp"",73000000},{""funds"",1026500}",269,第269关,"{""exp"",73000000},{""funds"",1026500}"
280,254810,0,0,"[2]=254802,[3]=254803,[4]=254804,[5]=254805,[6]=254806,[8]=254808,[9]=254809,[10]=254810,[11]=254811,[12]=254812","{""exp"",73200000},{""item"",60019,84}",270,第270关,"{""exp"",73200000},{""item"",60019,84}"
281,254910,0,0,"[2]=254902,[3]=254903,[4]=254904,[5]=254905,[6]=254906,[8]=254908,[9]=254909,[10]=254910,[11]=254911,[12]=254912","{""exp"",73500000},{""funds"",419700}",271,第271关,"{""exp"",73500000},{""funds"",419700}"
282,255010,0,0,"[2]=255002,[3]=255003,[4]=255004,[5]=255005,[6]=255006,[8]=255008,[9]=255009,[10]=255010,[11]=255011,[12]=255012","{""exp"",73800000},{""funds"",1049250}",272,第272关,"{""exp"",73800000},{""funds"",1049250}"
283,50000002,0,0,[10]=255110,"{""exp"",74000000},{""item"",60019,84}",273,第273关,"{""exp"",74000000},{""item"",60019,84}"
284,255210,0,0,"[2]=255202,[3]=255203,[4]=255204,[5]=255205,[6]=255206,[8]=255208,[9]=255209,[10]=255210,[11]=255211,[12]=255212","{""exp"",74300000},{""funds"",428900}",274,第274关,"{""exp"",74300000},{""funds"",428900}"
285,255310,0,0,"[2]=255302,[3]=255303,[4]=255304,[5]=255305,[6]=255306,[8]=255308,[9]=255309,[10]=255310,[11]=255311,[12]=255312","{""exp"",74600000},{""funds"",1072250}",275,第275关,"{""exp"",74600000},{""funds"",1072250}"
286,50000002,0,0,[10]=255410,"{""exp"",74800000},{""item"",60019,84}",276,第276关,"{""exp"",74800000},{""item"",60019,84}"
287,255510,0,0,"[2]=255502,[3]=255503,[4]=255504,[5]=255505,[6]=255506,[8]=255508,[9]=255509,[10]=255510,[11]=255511,[12]=255512","{""exp"",75100000},{""funds"",438200}",277,第277关,"{""exp"",75100000},{""funds"",438200}"
288,255610,0,0,"[2]=255602,[3]=255603,[4]=255604,[5]=255605,[6]=255606,[8]=255608,[9]=255609,[10]=255610,[11]=255611,[12]=255612","{""exp"",75400000},{""funds"",1095500}",278,第278关,"{""exp"",75400000},{""funds"",1095500}"
289,255710,0,0,"[2]=255702,[3]=255703,[4]=255704,[5]=255705,[6]=255706,[8]=255708,[9]=255709,[10]=255710,[11]=255711,[12]=255712","{""exp"",75600000},{""item"",60019,84}",279,第279关,"{""exp"",75600000},{""item"",60019,84}"
290,255810,0,0,"[2]=255802,[3]=255803,[4]=255804,[5]=255805,[6]=255806,[8]=255808,[9]=255809,[10]=255810,[11]=255811,[12]=255812","{""exp"",75900000},{""funds"",447600}",280,第280关,"{""exp"",75900000},{""funds"",447600}"
291,255910,0,0,"[2]=255902,[3]=255903,[4]=255904,[5]=255905,[6]=255906,[8]=255908,[9]=255909,[10]=255910,[11]=255911,[12]=255912","{""exp"",76200000},{""funds"",1119000}",281,第281关,"{""exp"",76200000},{""funds"",1119000}"
292,256010,0,0,"[2]=256002,[3]=256003,[4]=256004,[5]=256005,[6]=256006,[8]=256008,[9]=256009,[10]=256010,[11]=256011,[12]=256012","{""exp"",76400000},{""item"",60019,84}",282,第282关,"{""exp"",76400000},{""item"",60019,84}"
293,50000006,0,0,[10]=256110,"{""exp"",76700000},{""funds"",457100}",283,第283关,"{""exp"",76700000},{""funds"",457100}"
294,50000001,0,0,[10]=256210,"{""exp"",77000000},{""funds"",1142750}",284,第284关,"{""exp"",77000000},{""funds"",1142750}"
295,256310,0,0,"[2]=256302,[3]=256303,[4]=256304,[5]=256305,[6]=256306,[8]=256308,[9]=256309,[10]=256310,[11]=256311,[12]=256312","{""exp"",77200000},{""item"",60019,84}",285,第285关,"{""exp"",77200000},{""item"",60019,84}"
296,256410,0,0,"[2]=256402,[3]=256403,[4]=256404,[5]=256405,[6]=256406,[8]=256408,[9]=256409,[10]=256410,[11]=256411,[12]=256412","{""exp"",77500000},{""funds"",466700}",286,第286关,"{""exp"",77500000},{""funds"",466700}"
297,50000004,0,0,[10]=256510,"{""exp"",77800000},{""funds"",1166750}",287,第287关,"{""exp"",77800000},{""funds"",1166750}"
298,256610,0,0,"[2]=256602,[3]=256603,[4]=256604,[5]=256605,[6]=256606,[8]=256608,[9]=256609,[10]=256610,[11]=256611,[12]=256612","{""exp"",78000000},{""item"",60019,84}",288,第288关,"{""exp"",78000000},{""item"",60019,84}"
299,50000003,0,0,[10]=256710,"{""exp"",78300000},{""funds"",476400}",289,第289关,"{""exp"",78300000},{""funds"",476400}"
300,256810,0,0,"[2]=256802,[3]=256803,[4]=256804,[5]=256805,[6]=256806,[8]=256808,[9]=256809,[10]=256810,[11]=256811,[12]=256812","{""exp"",78600000},{""funds"",1191000}",290,第290关,"{""exp"",78600000},{""funds"",1191000}"
301,256910,0,0,"[2]=256902,[3]=256903,[4]=256904,[5]=256905,[6]=256906,[8]=256908,[9]=256909,[10]=256910,[11]=256911,[12]=256912","{""exp"",78800000},{""item"",60019,90}",291,第291关,"{""exp"",78800000},{""item"",60019,90}"
302,257010,0,0,"[2]=257002,[3]=257003,[4]=257004,[5]=257005,[6]=257006,[8]=257008,[9]=257009,[10]=257010,[11]=257011,[12]=257012","{""exp"",79100000},{""funds"",486200}",292,第292关,"{""exp"",79100000},{""funds"",486200}"
303,257110,0,0,"[2]=257102,[3]=257103,[4]=257104,[5]=257105,[6]=257106,[8]=257108,[9]=257109,[10]=257110,[11]=257111,[12]=257112","{""exp"",79400000},{""funds"",1215500}",293,第293关,"{""exp"",79400000},{""funds"",1215500}"
304,257210,0,0,"[2]=257202,[3]=257203,[4]=257204,[5]=257205,[6]=257206,[8]=257208,[9]=257209,[10]=257210,[11]=257211,[12]=257212","{""exp"",79600000},{""item"",60019,90}",294,第294关,"{""exp"",79600000},{""item"",60019,90}"
305,257310,0,0,"[2]=257302,[3]=257303,[4]=257304,[5]=257305,[6]=257306,[8]=257308,[9]=257309,[10]=257310,[11]=257311,[12]=257312","{""exp"",79900000},{""funds"",496100}",295,第295关,"{""exp"",79900000},{""funds"",496100}"
306,50000005,0,0,[10]=257410,"{""exp"",80200000},{""funds"",1240250}",296,第296关,"{""exp"",80200000},{""funds"",1240250}"
307,257510,0,0,"[2]=257502,[3]=257503,[4]=257504,[5]=257505,[6]=257506,[8]=257508,[9]=257509,[10]=257510,[11]=257511,[12]=257512","{""exp"",80400000},{""item"",60019,90}",297,第297关,"{""exp"",80400000},{""item"",60019,90}"
308,257610,0,0,"[2]=257602,[3]=257603,[4]=257604,[5]=257605,[6]=257606,[8]=257608,[9]=257609,[10]=257610,[11]=257611,[12]=257612","{""exp"",80700000},{""funds"",506100}",298,第298关,"{""exp"",80700000},{""funds"",506100}"
309,257710,0,0,"[2]=257702,[3]=257703,[4]=257704,[5]=257705,[6]=257706,[8]=257708,[9]=257709,[10]=257710,[11]=257711,[12]=257712","{""exp"",81000000},{""funds"",1265250}",299,第299关,"{""exp"",81000000},{""funds"",1265250}"
310,257810,0,0,"[2]=257802,[3]=257803,[4]=257804,[5]=257805,[6]=257806,[8]=257808,[9]=257809,[10]=257810,[11]=257811,[12]=257812","{""exp"",81200000},{""item"",60019,90}",300,第300关,"{""exp"",81200000},{""item"",60019,90}"
