索引,说明,库,物品ID,物品名称,权重,数量,品质,条件,修正增加权重
index_kn,readme_c,lib,item,name_c,weight,count,quality,condition_t,addWeight
1,个人主页礼物,218,40023,小钻石,140,1,100,,
2,,218,20001,鲜花,352,2,100,,
3,,218,40026,烂鸡蛋,352,2,100,,
4,,218,20059,锻造石,128,1,100,,
5,,218,20055,幸运石,28,1,100,,
6,小鲜花宝箱,219,40023,小钻石,6250,1,100,,
7,,219,40014,星辰图纸,1000,1,100,,
8,,219,70008,守护源力,2000,1,100,,
9,,219,50024,神魂结晶,1000,1,100,,
10,,219,40020,神奇宝箱,6250,4,100,,
11,大鲜花宝箱,220,40023,小钻石,1,10,100,,
12,,220,40014,星辰图纸,1,1,100,,
13,,220,70008,守护源力,1,2,100,,
14,,220,50024,神魂结晶,1,1,100,,
15,答题惊喜奖励,221,60001,爆伤石1级,62,1,100,,
16,,221,60011,治疗石1级,139,1,100,,
17,,221,60021,眩晕石1级,19,1,100,,
18,,221,60031,复活石1级,9,1,100,,
19,,221,60041,守护石1级,19,1,100,,
20,,221,60051,能量石1级,40,1,100,,
21,,221,60061,吸血石1级,56,1,100,,
22,,221,60071,免伤石1级,74,1,100,,
23,,221,60081,攻击石1级,37,1,100,,
24,,221,60091,魔法石1级,37,1,100,,
25,,221,60101,防断石1级,111,1,100,,
26,,221,60111,减能石1级,56,1,100,,
27,,221,60121,聚能石1级,19,1,100,,
28,,221,40416,万能召集石,37,1,100,,
29,,221,,空,9999285,,100,,
30,圣地宝箱,222,40023,小钻石,100,1,100,,
31,小神像,300,40023,小钻石,4950000,1,100,,
32,,300,70008,守护源力,707143,1,100,,
33,,300,40014,星辰图纸,353571,1,100,,
34,,300,20059,锻造石,1178571,1,100,,
35,,300,20055,幸运石,276228,1,100,,
36,,300,50024,神魂结晶,353571,1,100,,
37,,300,40003,中级强化石,1262755,1,100,,
38,,300,40004,高级强化石,589286,1,100,,
39,大神像,301,40023,小钻石,3712500,1,100,,
40,,301,40023,小钻石,3712500,2,100,,
41,,301,70008,守护源力,530357,1,100,,
42,,301,70008,守护源力,530357,2,100,,
43,,301,40014,星辰图纸,265179,1,100,,
44,,301,40014,星辰图纸,265179,2,100,,
45,,301,20059,锻造石,883929,1,100,,
46,,301,20059,锻造石,883929,2,100,,
47,,301,20055,幸运石,207171,1,100,,
48,,301,20055,幸运石,207171,2,100,,
49,,301,50024,神魂结晶,265179,1,100,,
50,,301,50024,神魂结晶,265179,2,100,,
51,,301,40003,中级强化石,947066,1,100,,
52,,301,40003,中级强化石,947066,2,100,,
53,,301,40004,高级强化石,441964,1,100,,
54,,301,40004,高级强化石,441964,2,100,,
55,,600,40023,钻石,33,50,100,,
56,,600,,空,9967,,100,,
57,,700,20058,强化石,100,1,100,,
58,,701,20022,蜕变药水,100,1,100,,
59,,702,20023,肉骨头,50,,100,,
60,,702,20024,火腿肠,50,1,100,,
61,,702,,空,50,,100,,
62,,703,20025,狗尾巴草,50,1,100,,
63,,703,,空,50,,100,,
64,,704,20026,橡胶棒,50,1,100,,
65,,704,,空,50,,100,,
66,,705,20027,塑性小球,50,1,100,,
67,,705,,空,50,,100,,
68,,706,20028,狗圈,50,1,100,,
69,,706,,空,50,,100,,
70,,707,30001,金苹果,50,1,100,,
71,,707,40009,小钱袋,50,1,100,,
72,,707,,空,50,,100,,
73,,708,20029,觉醒石,50,1,100,,
74,,708,,空,50,,100,,
75,,709,20030,羽毛,50,1,100,,
76,,709,,空,50,,100,,
77,,710,20031,长袍,50,1,100,,
78,,710,,空,50,,100,,
79,,711,20032,女神像,50,1,100,,
80,,711,,空,50,,100,,
81,,712,20033,笛子,50,1,100,,
82,,712,,空,50,,100,,
83,,713,20034,陶瓷车,50,1,100,,
84,,713,,空,50,,100,,
85,,714,20035,无花果,50,1,100,,
86,,714,,空,50,,100,,
87,,715,20036,橄榄油,50,1,100,,
88,,715,,空,50,,100,,
89,,716,20037,战舞,50,1,100,,
90,,716,,空,50,,100,,
91,,717,20038,战争号角,50,1,100,,
92,,717,,空,50,,100,,
93,,718,20039,圣衣,50,1,100,,
94,,718,,空,50,,100,,
95,,719,20040,星座图,50,1,100,,
96,,719,,空,50,,100,,
97,,720,20041,造船手册,50,1,100,,
98,,720,,空,50,,100,,
99,,721,20042,智慧书籍,50,1,100,,
100,,721,,空,50,,100,,
101,,722,20043,长矛,50,1,100,,
102,,722,,空,50,,100,,
103,,723,20044,羊皮盾,50,1,100,,
104,,723,,空,50,,100,,
105,,724,20045,破损权杖,50,1,100,,
106,,724,,空,50,,100,,
107,,725,20046,权杖碎片,50,1,100,,
108,,725,,空,50,,100,,
109,,726,20047,银星沙,50,1,100,,
110,,726,,空,50,,100,,
111,,727,20048,修补手册,50,1,100,,
112,,727,,空,50,,100,,
113,,728,20049,维修铁锤,50,1,100,,
114,,728,,空,50,,100,,
115,,729,20050,和平鸽,50,1,100,,
116,,729,,空,50,,100,,
117,,730,20051,橄榄枝,50,1,100,,
118,,730,,空,50,,100,,
119,,731,20052,爱心,50,1,100,,
120,,731,,空,50,,100,,
121,,732,20053,和平之歌,50,1,100,,
122,,732,,空,50,,100,,
123,,733,20054,通行证,50,1,100,,
124,,733,,空,50,,100,,
125,守护技能书（圣地）,735,40184,圣光再起解锁书,1111,1,100,,
126,,735,40185,暗黑秘术解锁书,230,1,100,,
127,,735,40186,回旋之刃解锁书,345,1,100,,
128,,735,40187,能量注入解锁书,173,1,100,,
129,,735,40188,奥义注入解锁书,276,1,100,,
130,,735,40189,时空禁锢解锁书,314,1,100,,
131,,735,40190,吸引火力解锁书,154,1,100,,
132,,735,40191,噬血解锁书,1778,1,100,,
133,,735,40195,疾行术解锁书,2963,1,100,,
134,,738,50005,雅典娜碎魂,50,1,100,,
135,,738,,空,50,,100,,
136,,739,50006,波塞东碎魂,50,1,100,,
137,,739,,空,50,,100,,
138,,740,50007,宙斯碎魂,50,1,100,,
139,,740,,空,50,,100,,
140,,741,50008,潘碎魂,50,1,100,,
141,,741,,空,50,,100,,
142,,742,50009,赫淮斯托斯碎魂,50,1,100,,
143,,742,,空,,,100,,
144,天赋石,752,60001,护甲石1级,7,1,100,,
145,,752,60011,生命石1级,7,1,100,,
146,,752,60021,攻击石1级,7,1,100,,
147,,752,60031,破甲石1级,7,1,100,,
148,,752,60041,速度石1级,7,1,100,,
149,,752,60051,暴击石1级,7,1,100,,
150,,752,60061,暴伤石1级,7,1,100,,
151,,752,60071,抗暴石1级,7,1,100,,
152,,752,60081,闪避石1级,7,1,100,,
153,,752,60091,魔法石1级,7,1,100,,
154,,752,60101,命中石1级,7,1,100,,
155,,752,60111,法防石1级,7,1,100,,
156,,752,,空,99916,,100,,
157,精英怪A,831,40003,中级强化石,2678571,1,100,,
158,,831,40004,高级强化石,1250000,1,100,,
159,,831,20055,幸运石,585938,1,100,,
160,,831,20059,锻造石,2500000,1,100,,
161,,831,70008,守护源力,1500000,1,100,,
162,,831,,空,1485491,,100,,
163,,832,20062,玄铁矿,1388889,1,100,,
164,,832,20085,犀牛角,1388889,1,100,,
165,,832,20064,赤金矿,462963,1,100,,
166,,832,20086,白虎牙,462963,1,100,,
167,,832,20066,魂精矿,154321,1,100,,
168,,832,20087,龙鳞,154321,1,100,,
169,,832,,空,5987654,,100,,
170,精英怪B,833,40003,中级强化石,2678571,1,100,,
171,,833,40004,高级强化石,1250000,1,100,,
172,,833,20055,幸运石,585938,1,100,,
173,,833,20059,锻造石,2500000,1,100,,
174,,833,70008,守护源力,1500000,1,100,,
175,,833,,空,1485491,,100,,
176,,834,20063,硬角丝,1388889,1,100,,
177,,834,20080,红宝石,1388889,1,100,,
178,,834,20065,冰蚕丝,462963,1,100,,
179,,834,20081,灵石,462963,1,100,,
180,,834,20067,金缕丝,154321,1,100,,
181,,834,20082,圣光石,154321,1,100,,
182,,834,,空,5987654,,100,,
183,精英怪C,835,40003,中级强化石,2678571,1,100,,
184,,835,40004,高级强化石,1250000,1,100,,
185,,835,20055,幸运石,585938,1,100,,
186,,835,20059,锻造石,2500000,1,100,,
187,,835,70008,守护源力,1500000,1,100,,
188,,835,,空,1485491,,100,,
189,,836,20075,皮革,1388889,1,100,,
190,,836,20070,元素宝石,1388889,1,100,,
191,,836,20076,熊皮,462963,1,100,,
192,,836,20071,恶魔之血,462963,1,100,,
193,,836,20077,龙皮,154321,1,100,,
194,,836,20072,天使之泪,154321,1,100,,
195,,836,,空,5987654,,100,,
196,神奇水果,837,30001,60经验,100,23,100,"level={1,9}",
197,,837,30001,60经验,100,29,100,"level={10,19}",
198,,837,30001,60经验,100,37,100,"level={20,29}",
199,,837,30001,60经验,100,47,100,"level={30,39}",
200,,837,30001,60经验,100,61,100,"level={40,49}",
201,,837,30001,60经验,100,78,100,"level={50,59}",
202,,837,30001,60经验,100,100,100,"level={60,60}",
203,宝藏钥匙,200,40023,小钻石,10000000,20,100,,
204,,201,60001,爆伤石1级,25253,1,100,,
205,,201,60011,治疗石1级,56819,1,100,,
206,,201,60051,能量石1级,16234,1,100,,
207,,201,60061,吸血石1级,22728,1,100,,
208,,201,60071,免伤石1级,30304,1,100,,
209,,201,60081,攻击石1级,15152,1,100,,
210,,201,60091,魔法石1级,15152,1,100,,
211,,201,60101,防断石1级,45455,1,100,,
212,,201,60111,减能石1级,22728,1,100,,
213,,201,60021,眩晕石1级,7837,1,100,,
214,,201,60031,复活石1级,3853,1,100,,
215,,201,,空,9738492,,100,,
216,,202,40069,装备鉴定券,500000,5,100,,
217,,202,,空,9500000,,100,,
218,,203,20055,幸运石,781250,5,100,,
219,,203,,空,9218750,,100,,
220,,204,40079,重铸之石,2500000,10,100,,
221,,204,,空,7500000,,100,,
222,,205,20059,锻造石,1666667,10,100,,
223,,205,,空,8333334,,100,,
224,,206,40192,削弱术解锁书,10417,1,100,,
225,,206,40187,能量注入解锁书,31250,1,100,,
226,,206,40193,沉默出击解锁书,12500,1,100,,
227,,206,40194,大光明术解锁书,8334,1,100,,
228,,206,,空,9937500,,100,,
229,紫色钥匙,207,40023,小钻石,10000000,12,100,,
230,,208,60001,爆伤石1级,15152,1,100,,
231,,208,60011,治疗石1级,34091,1,100,,
232,,208,60051,能量石1级,9741,1,100,,
233,,208,60061,吸血石1级,13637,1,100,,
234,,208,60071,免伤石1级,18182,1,100,,
235,,208,60081,攻击石1级,9091,1,100,,
236,,208,60091,魔法石1级,9091,1,100,,
237,,208,60101,防断石1级,27273,1,100,,
238,,208,60111,减能石1级,13637,1,100,,
239,,208,60021,眩晕石1级,4703,1,100,,
240,,208,60031,复活石1级,2312,1,100,,
241,,208,,空,9843095,,100,,
242,,209,40069,装备鉴定券,500000,3,100,,
243,,209,,空,9500000,,100,,
244,,210,20055,幸运石,781250,3,100,,
245,,210,,空,9218750,,100,,
246,,211,40079,重铸之石,2500000,6,100,,
247,,211,,空,7500000,,100,,
248,,212,20059,锻造石,1666667,6,100,,
249,,212,,空,8333334,,100,,
250,,213,40192,削弱术解锁书,6250,1,100,,
251,,213,40187,能量注入解锁书,18750,1,100,,
252,,213,40193,沉默出击解锁书,7500,1,100,,
253,,213,40194,大光明术解锁书,5000,1,100,,
254,,213,,空,9962500,,100,,
255,青铜钥匙,214,40023,小钻石,10285715,7,100,,
256,,215,60001,爆伤石1级,9091,1,100,,
257,,215,60011,治疗石1级,20455,1,100,,
258,,215,60051,能量石1级,5845,1,100,,
259,,215,60061,吸血石1级,8182,1,100,,
260,,215,60071,免伤石1级,10910,1,100,,
261,,215,60081,攻击石1级,5455,1,100,,
262,,215,60091,魔法石1级,5455,1,100,,
263,,215,60101,防断石1级,16364,1,100,,
264,,215,60111,减能石1级,8182,1,100,,
265,,215,60021,眩晕石1级,2822,1,100,,
266,,215,60031,复活石1级,1387,1,100,,
267,,215,,空,9905857,,100,,
268,,216,40069,装备鉴定券,450000,2,100,,
269,,216,,空,9550000,,100,,
270,,217,20055,幸运石,703125,2,100,,
271,,217,,空,9296875,,100,,
272,,223,40079,重铸之石,2250000,4,100,,
273,,223,,空,7750000,,100,,
274,,224,20059,锻造石,1500000,4,100,,
275,,224,,空,8500000,,100,,
276,,225,40192,削弱术解锁书,3750,1,100,,
277,,225,40187,能量注入解锁书,11250,1,100,,
278,,225,40193,沉默出击解锁书,4500,1,100,,
279,,225,40194,大光明术解锁书,3000,1,100,,
280,,225,,空,9977500,,100,,
281,材料宝箱,857,20064,赤金矿,100,1,100,,
282,,857,20065,冰蚕丝,100,1,100,,
283,,857,20066,魂精矿,100,1,100,,
284,,857,20067,金缕丝,100,1,100,,
285,,857,20071,恶魔之血,100,1,100,,
286,,857,20072,天使之泪,100,1,100,,
287,,857,20076,熊皮,100,1,100,,
288,,857,20077,龙皮,100,1,100,,
289,,857,20081,灵石,100,1,100,,
290,,857,20082,圣光石,100,1,100,,
291,,857,20086,白虎牙,100,1,100,,
292,,857,20087,龙鳞,100,1,100,,
293,精英怪A,867,40185,暗黑秘术解锁书,41667,1,100,,
294,,867,40186,回旋之刃解锁书,62500,1,100,,
295,,867,40192,削弱术解锁书,10417,1,100,,
296,,867,,空,9885417,,100,,
297,精英怪B,868,40187,能量注入解锁书,31250,1,100,,
298,,868,40188,奥义注入解锁书,50000,1,100,,
299,,868,40193,沉默出击解锁书,12500,1,100,,
300,,868,,空,9906250,,100,,
301,精英怪C,869,40189,时空禁锢解锁书,56818,1,100,,
302,,869,40190,吸引火力解锁书,27778,1,100,,
303,,869,40194,大光明术解锁书,8333,1,100,,
304,,869,,空,9907071,,100,,
305,洛斯,1,20055,幸运石,143229,1,100,,
306,洛斯,1,20059,锻造石,611111,1,100,,
307,洛斯,1,40017,钻石,183333,1,100,,
308,洛斯,1,,空,9062326,,100,,
309,洛斯,2,40013,能力印记,119048,1,100,,
310,洛斯,2,40014,星辰图纸,119048,1,100,,
311,洛斯,2,40004,高级强化石,198413,1,100,,
312,洛斯,2,70008,守护源力,238095,1,100,,
313,洛斯,2,50024,神魂结晶,119048,1,100,,
314,洛斯,2,40012,抽奖券,238095,1,100,,
315,洛斯,2,40416,万能召集石,3968,1,100,,
316,洛斯,2,,空,8964286,,100,,
317,洛斯,3,20062,玄铁矿,617284,1,100,,
318,洛斯,3,20063,硬角丝,617284,1,100,,
319,洛斯,3,20075,皮革,617284,1,100,,
320,洛斯,3,,空,8148148,,100,,
321,洛斯,4,60011,治疗石1级,52083,1,100,,
322,洛斯,4,60101,防断石1级,41667,1,100,,
323,洛斯,4,,空,9906250,,100,,
324,柴卡,5,20055,幸运石,286458,1,100,,
325,柴卡,5,20059,锻造石,1222222,1,100,,
326,柴卡,5,40017,钻石,366667,1,100,,
327,柴卡,5,,空,8124653,,100,,
328,柴卡,6,40013,能力印记,238095,1,100,,
329,柴卡,6,40014,星辰图纸,238095,1,100,,
330,柴卡,6,40004,高级强化石,396825,1,100,,
331,柴卡,6,70008,守护源力,476190,1,100,,
332,柴卡,6,50024,神魂结晶,238095,1,100,,
333,柴卡,6,40012,抽奖券,476190,1,100,,
334,柴卡,6,40416,万能召集石,7937,1,100,,
335,柴卡,6,,空,7928571,,100,,
336,柴卡,7,20085,犀牛角,1234568,1,100,,
337,柴卡,7,20080,红宝石,1234568,1,100,,
338,柴卡,7,20070,元素宝石,1234568,1,100,,
339,柴卡,7,,空,6296296,,100,,
340,柴卡,8,60001,爆伤石1级,46296,1,100,,
341,柴卡,8,60071,免伤石1级,55556,1,100,,
342,柴卡,8,,空,9898148,,100,,
343,柴卡,9,40186,回旋之刃解锁书,41667,1,100,,
344,,9,40197,净化,46296,1,100,,
345,柴卡,9,,空,9912037,,100,,
346,伊赛克,10,20055,幸运石,286458,1,100,,
347,伊赛克,10,20059,锻造石,1222222,1,100,,
348,伊赛克,10,40017,钻石,366667,1,100,,
349,伊赛克,10,,空,8124653,,100,,
350,伊赛克,11,40013,能力印记,238095,1,100,,
351,伊赛克,11,40014,星辰图纸,238095,1,100,,
352,伊赛克,11,40004,高级强化石,396825,1,100,,
353,伊赛克,11,70008,守护源力,476190,1,100,,
354,伊赛克,11,50024,神魂结晶,238095,1,100,,
355,伊赛克,11,40012,抽奖券,476190,1,100,,
356,伊赛克,11,40416,万能召集石,7937,1,100,,
357,伊赛克,11,,空,7928571,,100,,
358,伊赛克,12,20064,赤金矿,308642,1,100,,
359,伊赛克,12,20065,冰蚕丝,308642,1,100,,
360,伊赛克,12,20076,熊皮,308642,1,100,,
361,伊赛克,12,,空,9074074,,100,,
362,伊赛克,13,60061,吸血石1级,41667,1,100,,
363,伊赛克,13,60111,减能石1级,41667,1,100,,
364,伊赛克,13,,空,9916667,,100,,
365,伊赛克,14,40188,奥义注入解锁书,33333,1,100,,
366,伊赛克,14,40189,时空禁锢解锁书,37879,1,100,,
367,伊赛克,14,,空,9928788,,100,,
368,塔克托尔,15,20055,幸运石,859375,1,100,,
369,塔克托尔,15,20059,锻造石,3666667,1,100,,
370,塔克托尔,15,40017,钻石,1100000,1,100,,
371,塔克托尔,15,,空,4373958,,100,,
372,塔克托尔,16,40013,能力印记,714286,1,100,,
373,塔克托尔,16,40014,星辰图纸,714286,1,100,,
374,塔克托尔,16,40004,高级强化石,1190476,1,100,,
375,塔克托尔,16,70008,守护源力,1428571,1,100,,
376,塔克托尔,16,50024,神魂结晶,714286,1,100,,
377,塔克托尔,16,40012,抽奖券,1428571,1,100,,
378,塔克托尔,16,40416,万能召集石,23810,1,100,,
379,塔克托尔,16,,空,3785714,,100,,
380,塔克托尔,17,20071,恶魔之血,462963,1,100,,
381,塔克托尔,17,20081,灵石,462963,1,100,,
382,塔克托尔,17,20086,白虎牙,462963,1,100,,
383,塔克托尔,17,,空,8611111,,100,,
384,塔克托尔,18,60051,能量石1级,29762,1,100,,
385,塔克托尔,18,60081,攻击石1级,27778,1,100,,
386,塔克托尔,18,60091,魔法石1级,27778,1,100,,
387,塔克托尔,18,,空,9914683,,100,,
388,塔克托尔,19,40190,吸引火力解锁书,27778,1,100,,
389,塔克托尔,19,40185,暗黑秘术解锁书,41667,1,100,,
390,塔克托尔,19,,空,9930556,,100,,
391,奥林尔,20,20055,幸运石,859375,1,100,,
392,奥林尔,20,20059,锻造石,3666667,1,100,,
393,奥林尔,20,40017,钻石,1100000,1,100,,
394,奥林尔,20,,空,4373958,,100,,
395,奥林尔,21,40013,能力印记,714286,1,100,,
396,奥林尔,21,40014,星辰图纸,714286,1,100,,
397,奥林尔,21,40004,高级强化石,1190476,1,100,,
398,奥林尔,21,70008,守护源力,1428571,1,100,,
399,奥林尔,21,50024,神魂结晶,714286,1,100,,
400,奥林尔,21,40012,抽奖券,1428571,1,100,,
401,奥林尔,21,40416,万能召集石,23810,1,100,,
402,奥林尔,21,,空,3785714,,100,,
403,奥林尔,22,20066,魂精矿,115741,1,100,,
404,奥林尔,22,20067,金缕丝,115741,1,100,,
405,奥林尔,22,20077,龙皮,115741,1,100,,
406,奥林尔,22,,空,9652778,,100,,
407,奥林尔,23,60041,守护石1级,41667,1,100,,
408,奥林尔,23,,空,9958333,,100,,
409,奥林尔,24,40187,能量注入解锁书,31250,1,100,,
410,奥林尔,24,40193,沉默出击解锁书,12500,1,100,,
411,奥林尔,24,,空,9956250,,100,,
412,阿卡莎,25,20055,幸运石,859375,1,100,,
413,阿卡莎,25,20059,锻造石,3666667,1,100,,
414,阿卡莎,25,40017,钻石,1100000,1,100,,
415,阿卡莎,25,,空,4373958,,100,,
416,阿卡莎,26,40013,能力印记,714286,1,100,,
417,阿卡莎,26,40014,星辰图纸,714286,1,100,,
418,阿卡莎,26,40004,高级强化石,1190476,1,100,,
419,阿卡莎,26,70008,守护源力,1428571,1,100,,
420,阿卡莎,26,50024,神魂结晶,714286,1,100,,
421,阿卡莎,26,40012,抽奖券,1428571,1,100,,
422,阿卡莎,26,40416,万能召集石,23810,1,100,,
423,阿卡莎,26,,空,3785714,,100,,
424,阿卡莎,27,20072,天使之泪,115741,1,100,,
425,阿卡莎,27,20082,圣光石,115741,1,100,,
426,阿卡莎,27,20087,龙鳞,115741,1,100,,
427,阿卡莎,27,,空,9652778,,100,,
428,阿卡莎,28,60121,聚能石1级,41667,1,100,,
429,阿卡莎,28,,空,9958333,,100,,
430,阿卡莎,29,40192,削弱术解锁书,10417,1,100,,
431,阿卡莎,29,40194,大光明术解锁书,8333,1,100,,
432,阿卡莎,29,,空,9981250,,100,,
433,洛斯,30,40010,500钱袋,1,6,100,,
434,洛斯,31,30001,青苹果,1,140,100,,
435,柴卡,32,40010,500钱袋,1,13,100,,
436,柴卡,33,30001,青苹果,1,316,100,,
437,伊赛克,34,40010,500钱袋,1,15,100,,
438,伊赛克,35,30001,青苹果,1,358,100,,
439,塔克托尔,36,40010,500钱袋,1,25,100,,
440,塔克托尔,37,30001,青苹果,1,608,100,,
441,奥林尔,38,40010,500钱袋,1,28,100,,
442,奥林尔,39,30001,青苹果,1,687,100,,
443,阿卡莎,40,40010,500钱袋,1,32,100,,
444,阿卡莎,41,30001,青苹果,1,778,100,,
445,洛斯,88,300000,长矛,259740,1,100,,
446,洛斯,88,300001,悬铃木杖,259740,1,100,,
447,洛斯,88,300002,学徒帽,259740,1,100,,
448,洛斯,88,300003,针织护甲,259740,1,100,,
449,洛斯,88,300004,力量指环,259740,1,100,,
450,洛斯,88,300005,知识指环,259740,1,100,,
451,洛斯,88,300006,磐石项链,259740,1,100,,
452,洛斯,88,300007,修道项链,259740,1,100,,
453,洛斯,88,300008,敏捷项链,259740,1,100,,
454,洛斯,88,300009,符文项链,259740,1,100,,
455,洛斯,88,300011,英雄腰带,259740,1,100,,
456,洛斯,88,300016,死神镰刀,43290,1,100,,
457,洛斯,88,300017,沃斯手杖,43290,1,100,,
458,洛斯,88,300018,海蛇草帽,43290,1,100,,
459,洛斯,88,300019,巫师长袍,43290,1,100,,
460,洛斯,88,300020,勇士指环,43290,1,100,,
461,洛斯,88,300021,月光指环,43290,1,100,,
462,洛斯,88,300022,屠龙项链,43290,1,100,,
463,洛斯,88,300023,智者项链,43290,1,100,,
464,洛斯,88,300024,疾风项链,43290,1,100,,
465,洛斯,88,300025,草木项链,43290,1,100,,
466,洛斯,88,300027,霸王腰带,43290,1,100,,
467,洛斯,88,40022,美味鸡腿,952381,1,100,,
468,洛斯,88,20001,鲜花,2857143,1,100,,
469,洛斯,88,40026,烂鸡蛋,2857143,1,100,,
470,柴卡,89,300000,长矛,259740,1,100,,
471,柴卡,89,300001,悬铃木杖,259740,1,100,,
472,柴卡,89,300002,学徒帽,259740,1,100,,
473,柴卡,89,300003,针织护甲,259740,1,100,,
474,柴卡,89,300004,力量指环,259740,1,100,,
475,柴卡,89,300005,知识指环,259740,1,100,,
476,柴卡,89,300006,磐石项链,259740,1,100,,
477,柴卡,89,300007,修道项链,259740,1,100,,
478,柴卡,89,300008,敏捷项链,259740,1,100,,
479,柴卡,89,300009,符文项链,259740,1,100,,
480,柴卡,89,300011,英雄腰带,259740,1,100,,
481,柴卡,89,300016,死神镰刀,43290,1,100,,
482,柴卡,89,300017,沃斯手杖,43290,1,100,,
483,柴卡,89,300018,海蛇草帽,43290,1,100,,
484,柴卡,89,300019,巫师长袍,43290,1,100,,
485,柴卡,89,300020,勇士指环,43290,1,100,,
486,柴卡,89,300021,月光指环,43290,1,100,,
487,柴卡,89,300022,屠龙项链,43290,1,100,,
488,柴卡,89,300023,智者项链,43290,1,100,,
489,柴卡,89,300024,疾风项链,43290,1,100,,
490,柴卡,89,300025,草木项链,43290,1,100,,
491,柴卡,89,300027,霸王腰带,43290,1,100,,
492,柴卡,89,40022,美味鸡腿,952381,1,100,,
493,柴卡,89,20001,鲜花,2857143,1,100,,
494,柴卡,89,40026,烂鸡蛋,2857143,1,100,,
495,伊赛克,90,300000,长矛,257020,1,100,,
496,伊赛克,90,300001,悬铃木杖,257020,1,100,,
497,伊赛克,90,300002,学徒帽,257020,1,100,,
498,伊赛克,90,300003,针织护甲,257020,1,100,,
499,伊赛克,90,300004,力量指环,257020,1,100,,
500,伊赛克,90,300005,知识指环,257020,1,100,,
501,伊赛克,90,300006,磐石项链,257020,1,100,,
502,伊赛克,90,300007,修道项链,257020,1,100,,
503,伊赛克,90,300008,敏捷项链,257020,1,100,,
504,伊赛克,90,300009,符文项链,257020,1,100,,
505,伊赛克,90,300011,英雄腰带,257020,1,100,,
506,伊赛克,90,300016,死神镰刀,42837,1,100,,
507,伊赛克,90,300017,沃斯手杖,42837,1,100,,
508,伊赛克,90,300018,海蛇草帽,42837,1,100,,
509,伊赛克,90,300019,巫师长袍,42837,1,100,,
510,伊赛克,90,300020,勇士指环,42837,1,100,,
511,伊赛克,90,300021,月光指环,42837,1,100,,
512,伊赛克,90,300022,屠龙项链,42837,1,100,,
513,伊赛克,90,300023,智者项链,42837,1,100,,
514,伊赛克,90,300024,疾风项链,42837,1,100,,
515,伊赛克,90,300025,草木项链,42837,1,100,,
516,伊赛克,90,300027,霸王腰带,42837,1,100,,
517,伊赛克,90,300032,胜利之剑,9519,1,100,,
518,伊赛克,90,300033,冰霜魔杖,9519,1,100,,
519,伊赛克,90,300034,精灵软帽,9519,1,100,,
520,伊赛克,90,300035,魔法长袍,9519,1,100,,
521,伊赛克,90,300036,怪力指环,9519,1,100,,
522,伊赛克,90,300037,守护指环,9519,1,100,,
523,伊赛克,90,300038,潮汐之力,9519,1,100,,
524,伊赛克,90,300039,海洋之心,9519,1,100,,
525,伊赛克,90,300040,神速项链,9519,1,100,,
526,伊赛克,90,300041,贤者之心,9519,1,100,,
527,伊赛克,90,300043,巨猿皮带,9519,1,100,,
528,伊赛克,90,40022,美味鸡腿,942408,1,100,,
529,伊赛克,90,20001,鲜花,2827225,1,100,,
530,伊赛克,90,40026,烂鸡蛋,2827225,1,100,,
531,塔克托尔,91,300000,长矛,257020,1,100,,
532,塔克托尔,91,300001,悬铃木杖,257020,1,100,,
533,塔克托尔,91,300002,学徒帽,257020,1,100,,
534,塔克托尔,91,300003,针织护甲,257020,1,100,,
535,塔克托尔,91,300004,力量指环,257020,1,100,,
536,塔克托尔,91,300005,知识指环,257020,1,100,,
537,塔克托尔,91,300006,磐石项链,257020,1,100,,
538,塔克托尔,91,300007,修道项链,257020,1,100,,
539,塔克托尔,91,300008,敏捷项链,257020,1,100,,
540,塔克托尔,91,300009,符文项链,257020,1,100,,
541,塔克托尔,91,300011,英雄腰带,257020,1,100,,
542,塔克托尔,91,300016,死神镰刀,42837,1,100,,
543,塔克托尔,91,300017,沃斯手杖,42837,1,100,,
544,塔克托尔,91,300018,海蛇草帽,42837,1,100,,
545,塔克托尔,91,300019,巫师长袍,42837,1,100,,
546,塔克托尔,91,300020,勇士指环,42837,1,100,,
547,塔克托尔,91,300021,月光指环,42837,1,100,,
548,塔克托尔,91,300022,屠龙项链,42837,1,100,,
549,塔克托尔,91,300023,智者项链,42837,1,100,,
550,塔克托尔,91,300024,疾风项链,42837,1,100,,
551,塔克托尔,91,300025,草木项链,42837,1,100,,
552,塔克托尔,91,300027,霸王腰带,42837,1,100,,
553,塔克托尔,91,300032,胜利之剑,9519,1,100,,
554,塔克托尔,91,300033,冰霜魔杖,9519,1,100,,
555,塔克托尔,91,300034,精灵软帽,9519,1,100,,
556,塔克托尔,91,300035,魔法长袍,9519,1,100,,
557,塔克托尔,91,300036,怪力指环,9519,1,100,,
558,塔克托尔,91,300037,守护指环,9519,1,100,,
559,塔克托尔,91,300038,潮汐之力,9519,1,100,,
560,塔克托尔,91,300039,海洋之心,9519,1,100,,
561,塔克托尔,91,300040,神速项链,9519,1,100,,
562,塔克托尔,91,300041,贤者之心,9519,1,100,,
563,塔克托尔,91,300043,巨猿皮带,9519,1,100,,
564,塔克托尔,91,40022,美味鸡腿,942408,1,100,,
565,塔克托尔,91,20001,鲜花,2827225,1,100,,
566,塔克托尔,91,40026,烂鸡蛋,2827225,1,100,,
567,奥林尔,92,300016,死神镰刀,59504,1,100,,
568,奥林尔,92,300017,沃斯手杖,59504,1,100,,
569,奥林尔,92,300018,海蛇草帽,59504,1,100,,
570,奥林尔,92,300019,巫师长袍,59504,1,100,,
571,奥林尔,92,300020,勇士指环,59504,1,100,,
572,奥林尔,92,300021,月光指环,59504,1,100,,
573,奥林尔,92,300022,屠龙项链,59504,1,100,,
574,奥林尔,92,300023,智者项链,59504,1,100,,
575,奥林尔,92,300024,疾风项链,59504,1,100,,
576,奥林尔,92,300025,草木项链,59504,1,100,,
577,奥林尔,92,300027,霸王腰带,59504,1,100,,
578,奥林尔,92,300032,胜利之剑,13223,1,100,,
579,奥林尔,92,300033,冰霜魔杖,13223,1,100,,
580,奥林尔,92,300034,精灵软帽,13223,1,100,,
581,奥林尔,92,300035,魔法长袍,13223,1,100,,
582,奥林尔,92,300036,怪力指环,13223,1,100,,
583,奥林尔,92,300037,守护指环,13223,1,100,,
584,奥林尔,92,300038,潮汐之力,13223,1,100,,
585,奥林尔,92,300039,海洋之心,13223,1,100,,
586,奥林尔,92,300040,神速项链,13223,1,100,,
587,奥林尔,92,300041,贤者之心,13223,1,100,,
588,奥林尔,92,300043,巨猿皮带,13223,1,100,,
589,奥林尔,92,300048,永恒之枪,3306,1,100,,
590,奥林尔,92,300049,雷霆法杖,3306,1,100,,
591,奥林尔,92,300050,龙骨纱帽,3306,1,100,,
592,奥林尔,92,300051,恶魔软甲,3306,1,100,,
593,奥林尔,92,300052,酋长指环,3306,1,100,,
594,奥林尔,92,300053,传承指环,3306,1,100,,
595,奥林尔,92,300054,杀神项链,3306,1,100,,
596,奥林尔,92,300055,头脑项链,3306,1,100,,
597,奥林尔,92,300056,闪光项链,3306,1,100,,
598,奥林尔,92,300057,光明项链,3306,1,100,,
599,奥林尔,92,300059,巨龙腰带,3306,1,100,,
600,奥林尔,92,40022,美味鸡腿,1309091,1,100,,
601,奥林尔,92,20001,鲜花,3927273,1,100,,
602,奥林尔,92,40026,烂鸡蛋,3927273,1,100,,
603,阿卡莎,93,300016,死神镰刀,59504,1,100,,
604,阿卡莎,93,300017,沃斯手杖,59504,1,100,,
605,阿卡莎,93,300018,海蛇草帽,59504,1,100,,
606,阿卡莎,93,300019,巫师长袍,59504,1,100,,
607,阿卡莎,93,300020,勇士指环,59504,1,100,,
608,阿卡莎,93,300021,月光指环,59504,1,100,,
609,阿卡莎,93,300022,屠龙项链,59504,1,100,,
610,阿卡莎,93,300023,智者项链,59504,1,100,,
611,阿卡莎,93,300024,疾风项链,59504,1,100,,
612,阿卡莎,93,300025,草木项链,59504,1,100,,
613,阿卡莎,93,300027,霸王腰带,59504,1,100,,
614,阿卡莎,93,300032,胜利之剑,13223,1,100,,
615,阿卡莎,93,300033,冰霜魔杖,13223,1,100,,
616,阿卡莎,93,300034,精灵软帽,13223,1,100,,
617,阿卡莎,93,300035,魔法长袍,13223,1,100,,
618,阿卡莎,93,300036,怪力指环,13223,1,100,,
619,阿卡莎,93,300037,守护指环,13223,1,100,,
620,阿卡莎,93,300038,潮汐之力,13223,1,100,,
621,阿卡莎,93,300039,海洋之心,13223,1,100,,
622,阿卡莎,93,300040,神速项链,13223,1,100,,
623,阿卡莎,93,300041,贤者之心,13223,1,100,,
624,阿卡莎,93,300043,巨猿皮带,13223,1,100,,
625,阿卡莎,93,300048,永恒之枪,3306,1,100,,
626,阿卡莎,93,300049,雷霆法杖,3306,1,100,,
627,阿卡莎,93,300050,龙骨纱帽,3306,1,100,,
628,阿卡莎,93,300051,恶魔软甲,3306,1,100,,
629,阿卡莎,93,300052,酋长指环,3306,1,100,,
630,阿卡莎,93,300053,传承指环,3306,1,100,,
631,阿卡莎,93,300054,杀神项链,3306,1,100,,
632,阿卡莎,93,300055,头脑项链,3306,1,100,,
633,阿卡莎,93,300056,闪光项链,3306,1,100,,
634,阿卡莎,93,300057,光明项链,3306,1,100,,
635,阿卡莎,93,300059,巨龙腰带,3306,1,100,,
636,阿卡莎,93,40022,美味鸡腿,1309091,1,100,,
637,阿卡莎,93,20001,鲜花,3927273,1,100,,
638,阿卡莎,93,40026,烂鸡蛋,3927273,1,100,,
639,哥布林,42,50024,神魂结晶,2380952.381,1,100,,
640,哥布林,42,,空,7619047.619,,100,,
641,哥布林,43,40021,神奇水果,4960317.46,12,100,,
642,哥布林,43,40020,神奇宝箱,4960317.46,12,100,,
643,哥布林,44,60001,爆伤石1级,10175.01018,1,100,,
644,哥布林,44,60011,治疗石1级,22893.77289,1,100,,
645,哥布林,44,60021,眩晕石1级,3157.761778,1,100,,
646,哥布林,44,60031,复活石1级,1552.120196,1,100,,
647,哥布林,44,60041,守护石1级,3052.503053,1,100,,
648,哥布林,44,60051,能量石1级,6541.07797,1,100,,
649,哥布林,44,60061,吸血石1级,9157.509158,1,100,,
650,哥布林,44,60071,免伤石1级,12210.01221,1,100,,
651,哥布林,44,60081,攻击石1级,6105.006105,1,100,,
652,哥布林,44,60091,魔法石1级,6105.006105,1,100,,
653,哥布林,44,60101,防断石1级,18315.01832,1,100,,
654,哥布林,44,60111,减能石1级,9157.509158,1,100,,
655,哥布林,44,60121,聚能石1级,3052.503053,1,100,,
656,哥布林,44,,空,9888525.19,,100,,
657,1级公会副本,45,40014,星辰图纸,10000000,2,100,,
658,1级公会副本,46,40014,星辰图纸,6250000,1,100,,
659,1级公会副本,46,,空,3750000,,100,,
660,1级公会副本,47,70008,守护源力,10000000,4,100,,
661,1级公会副本,48,70008,守护源力,6250000,2,100,,
662,1级公会副本,48,,空,3750000,,100,,
663,1级公会副本,49,40013,能力印记,8750000,3,100,,
664,1级公会副本,49,,空,1250000,1,100,,
665,1级公会副本,50,50024,神魂结晶,8750000,3,100,,
666,1级公会副本,50,,空,1250000,,100,,
667,1级公会副本,51,60001,爆伤石1级,192307.6923,1,100,,
668,1级公会副本,51,60011,治疗石1级,432692.3077,1,100,,
669,1级公会副本,51,60021,眩晕石1级,59681.69761,1,100,,
670,1级公会副本,51,60031,复活石1级,29335.07171,1,100,,
671,1级公会副本,51,60041,守护石1级,57692.30769,1,100,,
672,1级公会副本,51,60051,能量石1级,123626.3736,1,100,,
673,1级公会副本,51,60061,吸血石1级,173076.9231,1,100,,
674,1级公会副本,51,60071,免伤石1级,230769.2308,1,100,,
675,1级公会副本,51,60081,攻击石1级,115384.6154,1,100,,
676,1级公会副本,51,60091,魔法石1级,115384.6154,1,100,,
677,1级公会副本,51,60101,防断石1级,346153.8462,1,100,,
678,1级公会副本,51,60111,减能石1级,173076.9231,1,100,,
679,1级公会副本,51,60121,聚能石1级,57692.30769,1,100,,
680,1级公会副本,51,,空,7893126.088,,100,,
681,2级公会副本,52,40014,星辰图纸,10000000,2,100,,
682,2级公会副本,53,40014,星辰图纸,9750000,1,100,,
683,2级公会副本,53,,空,250000,,100,,
684,2级公会副本,54,70008,守护源力,10000000,5,100,,
685,2级公会副本,55,70008,守护源力,9500000,1,100,,
686,2级公会副本,55,,空,500000,,100,,
687,2级公会副本,56,40013,能力印记,10000000,2,100,,
688,2级公会副本,57,40013,能力印记,9750000,1,100,,
689,2级公会副本,57,,空,250000,1,100,,
690,2级公会副本,58,50024,神魂结晶,10000000,2,100,,
691,2级公会副本,59,50024,神魂结晶,9750000,1,100,,
692,2级公会副本,59,,空,250000,,100,,
693,2级公会副本,60,60001,爆伤石1级,217948.7179,1,100,,
694,2级公会副本,60,60011,治疗石1级,490384.6154,1,100,,
695,2级公会副本,60,60021,眩晕石1级,67639.25729,1,100,,
696,2级公会副本,60,60031,复活石1级,33246.4146,1,100,,
697,2级公会副本,60,60041,守护石1级,65384.61538,1,100,,
698,2级公会副本,60,60051,能量石1级,140109.8901,1,100,,
699,2级公会副本,60,60061,吸血石1级,196153.8462,1,100,,
700,2级公会副本,60,60071,免伤石1级,261538.4615,1,100,,
701,2级公会副本,60,60081,攻击石1级,130769.2308,1,100,,
702,2级公会副本,60,60091,魔法石1级,130769.2308,1,100,,
703,2级公会副本,60,60101,防断石1级,392307.6923,1,100,,
704,2级公会副本,60,60111,减能石1级,196153.8462,1,100,,
705,2级公会副本,60,60121,聚能石1级,65384.61538,1,100,,
706,2级公会副本,60,,空,7612209.566,,100,,
707,3级公会副本,61,40014,星辰图纸,10000000,3,100,,
708,3级公会副本,62,40014,星辰图纸,3250000,1,100,,
709,3级公会副本,62,,空,6750000,,100,,
710,3级公会副本,63,70008,守护源力,10000000,6,100,,
711,3级公会副本,64,70008,守护源力,3250000,2,100,,
712,3级公会副本,64,,空,6750000,,100,,
713,3级公会副本,65,40013,能力印记,10000000,3,100,,
714,3级公会副本,65,40013,能力印记,3250000,1,100,,
715,3级公会副本,66,,空,6750000,1,100,,
716,3级公会副本,67,50024,神魂结晶,10000000,3,100,,
717,3级公会副本,68,50024,神魂结晶,3250000,1,100,,
718,3级公会副本,68,,空,6750000,,100,,
719,3级公会副本,69,60001,爆伤石1级,243589.7436,1,100,,
720,3级公会副本,69,60011,治疗石1级,548076.9231,1,100,,
721,3级公会副本,69,60021,眩晕石1级,75596.81698,1,100,,
722,3级公会副本,69,60031,复活石1级,37157.7575,1,100,,
723,3级公会副本,69,60041,守护石1级,73076.92308,1,100,,
724,3级公会副本,69,60051,能量石1级,156593.4066,1,100,,
725,3级公会副本,69,60061,吸血石1级,219230.7692,1,100,,
726,3级公会副本,69,60071,免伤石1级,292307.6923,1,100,,
727,3级公会副本,69,60081,攻击石1级,146153.8462,1,100,,
728,3级公会副本,69,60091,魔法石1级,146153.8462,1,100,,
729,3级公会副本,69,60101,防断石1级,438461.5385,1,100,,
730,3级公会副本,69,60111,减能石1级,219230.7692,1,100,,
731,3级公会副本,69,60121,聚能石1级,73076.92308,1,100,,
732,3级公会副本,69,,空,7331293.045,,100,,
733,4级公会副本,70,40014,星辰图纸,10000000,3,100,,
734,4级公会副本,71,40014,星辰图纸,6750000,1,100,,
735,4级公会副本,71,,空,3250000,,100,,
736,4级公会副本,72,70008,守护源力,10000000,6,100,,
737,4级公会副本,73,70008,守护源力,6750000,2,100,,
738,4级公会副本,73,,空,3250000,,100,,
739,4级公会副本,74,40013,能力印记,10000000,3,100,,
740,4级公会副本,75,40013,能力印记,6750000,1,100,,
741,4级公会副本,75,,空,3250000,1,100,,
742,4级公会副本,76,50024,神魂结晶,10000000,3,100,,
743,4级公会副本,77,50024,神魂结晶,6750000,1,100,,
744,4级公会副本,77,,空,3250000,,100,,
745,4级公会副本,78,60001,爆伤石1级,269230.7692,1,100,,
746,4级公会副本,78,60011,治疗石1级,605769.2308,1,100,,
747,4级公会副本,78,60021,眩晕石1级,83554.37666,1,100,,
748,4级公会副本,78,60031,复活石1级,41069.10039,1,100,,
749,4级公会副本,78,60041,守护石1级,80769.23077,1,100,,
750,4级公会副本,78,60051,能量石1级,173076.9231,1,100,,
751,4级公会副本,78,60061,吸血石1级,242307.6923,1,100,,
752,4级公会副本,78,60071,免伤石1级,323076.9231,1,100,,
753,4级公会副本,78,60081,攻击石1级,161538.4615,1,100,,
754,4级公会副本,78,60091,魔法石1级,161538.4615,1,100,,
755,4级公会副本,78,60101,防断石1级,484615.3846,1,100,,
756,4级公会副本,78,60111,减能石1级,242307.6923,1,100,,
757,4级公会副本,78,60121,聚能石1级,80769.23077,1,100,,
758,4级公会副本,78,,空,7050376.523,,100,,
759,5级公会副本,79,40014,星辰图纸,10000000,4,100,,
760,5级公会副本,80,40014,星辰图纸,3750000,1,100,,
761,5级公会副本,80,,空,6250000,,100,,
762,5级公会副本,81,70008,守护源力,10000000,8,100,,
763,5级公会副本,82,70008,守护源力,7500000,1,100,,
764,5级公会副本,82,,空,2500000,,100,,
765,5级公会副本,83,40013,能力印记,10000000,4,100,,
766,5级公会副本,84,40013,能力印记,3750000,1,100,,
767,5级公会副本,84,,空,6250000,1,100,,
768,5级公会副本,85,50024,神魂结晶,10000000,4,100,,
769,5级公会副本,86,50024,神魂结晶,3750000,1,100,,
770,5级公会副本,86,,空,6250000,,100,,
771,5级公会副本,87,60001,爆伤石1级,320512.8205,1,100,,
772,5级公会副本,87,60011,治疗石1级,721153.8462,1,100,,
773,5级公会副本,87,60021,眩晕石1级,99469.49602,1,100,,
774,5级公会副本,87,60031,复活石1级,48891.78618,1,100,,
775,5级公会副本,87,60041,守护石1级,96153.84615,1,100,,
776,5级公会副本,87,60051,能量石1级,206043.956,1,100,,
777,5级公会副本,87,60061,吸血石1级,288461.5385,1,100,,
778,5级公会副本,87,60071,免伤石1级,384615.3846,1,100,,
779,5级公会副本,87,60081,攻击石1级,192307.6923,1,100,,
780,5级公会副本,87,60091,魔法石1级,192307.6923,1,100,,
781,5级公会副本,87,60101,防断石1级,576923.0769,1,100,,
782,5级公会副本,87,60111,减能石1级,288461.5385,1,100,,
783,5级公会副本,87,60121,聚能石1级,96153.84615,1,100,,
784,5级公会副本,87,,空,6488543.48,1,100,,
785,初阶守护技能礼包,94,40186,回旋之刃,8,1,100,,
786,初阶守护技能礼包,94,40195,疾行术,30,1,100,,
787,初阶守护技能礼包,94,40191,噬血,30,1,100,,
788,初阶守护技能礼包,94,40184,圣光再起,27,1,100,,
789,初阶守护技能礼包,94,40189,时空禁锢,5,1,100,,
790,1阶装备-0层(有体力),650,20058,初级强化石,97125,1,100,,
791,,650,,空,9902875,,100,,
792,,651,40012,抽奖券,1258,1,100,,
793,,651,40416,万能召集石,4,1,100,,
794,,651,,空,9998738,,100,,
795,,652,40009,20钱袋,5000000,1,100,,
796,,652,40009,20钱袋,1000000,3,100,,
797,,652,,空,4000000,,100,,
798,,653,30001,60经验,5000000,1,100,,
799,,653,30001,60经验,1000000,3,100,,
800,,653,,空,4000000,,100,,
801,,654,300016,死神镰刀,13889,1,100,,
802,,654,300017,沃斯手杖,13889,1,100,,
803,,654,300019,巫师长袍,27778,1,100,,
804,,654,,空,9944444,,100,,
805,1阶装备-0层(无体力),656,20058,初级强化石,19425,1,100,,
806,,656,,空,9980575,,100,,
807,,657,40012,抽奖券,252,1,100,,
808,,657,40416,万能召集石,1,1,100,,
809,,657,,空,9999748,,100,,
810,,658,40009,20钱袋,1000000,1,100,,
811,,658,40009,20钱袋,200000,3,100,,
812,,658,,空,8800000,,100,,
813,,659,30001,60经验,1000000,1,100,,
814,,659,30001,60经验,200000,3,100,,
815,,659,,空,8800000,,100,,
816,,660,300016,死神镰刀,2778,1,100,,
817,,660,300017,沃斯手杖,2778,1,100,,
818,,660,300019,巫师长袍,5556,1,100,,
819,,660,,空,9988889,,100,,
820,2阶装备1-15层（有体力）,662,20058,初级强化石,97125,1,100,,
821,,662,,空,9902875,,100,,
822,,663,40012,抽奖券,1258,1,100,,
823,,663,40416,万能召集石,4,1,100,,
824,,663,,空,9998738,,100,,
825,,664,40009,20钱袋,5000000,1,100,,
826,,664,40009,20钱袋,1000000,4,100,,
827,,664,,空,4000000,,100,,
828,,665,30001,60经验,5000000,1,100,,
829,,665,30001,60经验,1000000,4,100,,
830,,665,,空,4000000,,100,,
831,,666,20060,赤铁矿,14815,1,100,,
832,,666,20062,玄铁矿,823,1,100,,
833,,666,20061,粗棉,14815,1,100,,
834,,666,20063,硬角丝,823,1,100,,
835,,666,20074,亚麻,14815,1,100,,
836,,666,20075,皮革,823,1,100,,
837,,666,,空,9953086,,100,,
838,,667,21012,幸运之星,0,1,100,,1.06E-05
839,2阶装备1-15层（无体力）,668,20058,初级强化石,19425,1,100,,
840,,668,,空,9980575,,100,,
841,,669,40012,抽奖券,252,1,100,,
842,,669,40416,万能召集石,1,1,100,,
843,,669,,空,9999748,,100,,
844,,670,40009,20钱袋,1000000,1,100,,
845,,670,40009,20钱袋,200000,4,100,,
846,,670,,空,8800000,,100,,
847,,671,30001,60经验,1000000,1,100,,
848,,671,30001,60经验,200000,4,100,,
849,,671,,空,8800000,,100,,
850,,672,20060,赤铁矿,2963,1,100,,
851,,672,20062,玄铁矿,165,1,100,,
852,,672,20061,粗棉,2963,1,100,,
853,,672,20063,硬角丝,165,1,100,,
854,,672,20074,亚麻,2963,1,100,,
855,,672,20075,皮革,165,1,100,,
856,,672,,空,9990617,,100,,
857,,673,21012,幸运之星,0,1,100,,1.06E-05
858,2阶装备2-20层（有）,674,20058,初级强化石,97125,1,100,,
859,,674,,空,9902875,,100,,
860,,675,40012,抽奖券,1258,1,100,,
861,,675,40416,万能召集石,4,1,100,,
862,,675,,空,9998738,,100,,
863,,676,40009,20钱袋,5000000,1,100,,
864,,676,40009,20钱袋,1125000,4,100,,
865,,676,,空,3875000,,100,,
866,,677,30001,60经验,5000000,1,100,,
867,,677,30001,60经验,1125000,4,100,,
868,,677,,空,3875000,,100,,
869,,678,20069,大地结晶,14815,1,100,,
870,,678,20070,元素宝石,823,1,100,,
871,,678,20079,水晶石,14815,1,100,,
872,,678,20080,红宝石,823,1,100,,
873,,678,20084,钛合金,14815,1,100,,
874,,678,20085,犀牛角,823,1,100,,
875,,678,,空,9953086,,100,,
876,,679,20050,毒牙,0,1,100,,1.08E-06
877,2阶装备2-20层（无）,680,20058,初级强化石,19425,1,100,,
878,,680,,空,9980575,,100,,
879,,681,40012,抽奖券,252,1,100,,
880,,681,40416,万能召集石,1,1,100,,
881,,681,,空,9999748,,100,,
882,,682,40009,20钱袋,1000000,1,100,,
883,,682,40009,20钱袋,225000,4,100,,
884,,682,,空,8775000,,100,,
885,,683,30001,60经验,1000000,1,100,,
886,,683,30001,60经验,225000,4,100,,
887,,683,,空,8775000,,100,,
888,,684,20069,大地结晶,2963,1,100,,
889,,684,20070,元素宝石,165,1,100,,
890,,684,20079,水晶石,2963,1,100,,
891,,684,20080,红宝石,165,1,100,,
892,,684,20084,钛合金,2963,1,100,,
893,,684,20085,犀牛角,165,1,100,,
894,,684,,空,9990617,,100,,
895,,685,20050,毒牙,0,1,100,,1.08E-06
1048,4阶装备1-45层（无）,900,40003,中级强化石,3253,1,100,,
1049,,900,,空,9996747,,100,,
1050,,901,40012,抽奖券,252,1,100,,
1051,,901,40416,万能召集石,1,1,100,,
1052,,901,70008,守护源力,503,1,100,,
1053,,901,,空,9999244,,100,,
1054,,902,40009,20钱袋,1000000,1,100,,
1055,,902,40009,20钱袋,200000,7,100,,
1056,,902,40010,500钱袋,2000,5,100,,
1057,,902,,空,8798000,,100,,
1058,,903,30001,60经验,1000000,1,100,,
1059,,903,30001,60经验,200000,7,100,,
1060,,903,30002,1500经验,2000,3,100,,
1061,,903,,空,8798000,,100,,
1062,,904,20064,赤金矿,247,1,100,,
1063,,904,20066,魂精矿,15,1,100,,
1064,,904,,空,9999738,,100,,
1065,,905,20032,女神像,0,1,100,,1.24E-06
1066,,906,40188,奥义注入解锁书,21,1,100,,
1067,,906,,空,9999979,,100,,
1068,4阶装备2-48层（有）,907,40003,中级强化石,16263,1,100,,
1069,,907,,空,9983737,,100,,
1070,,908,40012,抽奖券,1258,1,100,,
1071,,908,40416,万能召集石,4,1,100,,
1072,,908,70008,守护源力,2516,1,100,,
1073,,908,,空,9996222,,100,,
1074,,909,40009,20钱袋,5000000,1,100,,
1075,,909,40009,20钱袋,1000000,7,100,,
1076,,909,40010,500钱袋,10000,6,100,,
1077,,909,,空,3990000,,100,,
1078,,910,30001,60经验,5000000,1,100,,
1079,,910,30001,60经验,1000000,7,100,,
1080,,910,30002,1500经验,10000,6,100,,
1081,,910,,空,3990000,,100,,
1082,,911,20065,冰蚕丝,1235,1,100,,
1083,,911,20067,金缕丝,77,1,100,,
1084,,911,,空,9998688,,100,,
1085,,912,20035,无花果,0,1,100,,1.24E-06
1086,,913,40189,时空禁锢解锁书,118,1,100,,
1087,,913,,空,9999882,,100,,
1088,4阶装备2-48层（无）,914,40003,中级强化石,3253,1,100,,
1089,,914,,空,9996747,,100,,
1090,,915,40012,抽奖券,252,1,100,,
1091,,915,40416,万能召集石,1,1,100,,
1092,,915,70008,守护源力,503,1,100,,
1093,,915,,空,9999244,,100,,
1094,,916,40009,20钱袋,1000000,1,100,,
1095,,916,40009,20钱袋,200000,7,100,,
1096,,916,40010,500钱袋,2000,6,100,,
1097,,916,,空,8798000,,100,,
1098,,917,30001,60经验,1000000,1,100,,
1099,,917,30001,60经验,200000,7,100,,
1100,,917,30002,1500经验,2000,6,100,,
1101,,917,,空,8798000,,100,,
1102,,918,20065,冰蚕丝,247,1,100,,
1103,,918,20067,金缕丝,15,1,100,,
1104,,918,,空,9999738,,100,,
1105,,919,20035,无花果,0,1,100,,1.24E-06
1106,,920,40189,时空禁锢解锁书,24,1,100,,
1107,,920,,空,9999976,,100,,
1108,4阶装备3-50层（有）,921,40003,中级强化石,16263,1,100,,
1109,,921,,空,9983737,,100,,
1110,,922,40012,抽奖券,1258,1,100,,
1111,,922,40416,万能召集石,4,1,100,,
1112,,922,70008,守护源力,2516,1,100,,
1113,,922,,空,9996222,,100,,
1114,,923,40009,20钱袋,5000000,1,100,,
1115,,923,40009,20钱袋,1000000,7,100,,
1116,,923,40010,500钱袋,10000,6,100,,
1117,,923,,空,3990000,,100,,
1118,,924,30001,60经验,5000000,1,100,,
1119,,924,30001,60经验,1000000,7,100,,
1120,,924,30002,1500经验,10000,7,100,,
1121,,924,,空,3990000,,100,,
1122,,925,20076,熊皮,1235,1,100,,
1123,,925,20077,龙皮,77,1,100,,
1124,,925,,空,9998688,,100,,
1125,,926,20047,银星沙,0,1,100,,1.24E-06
1126,,993,40196,驱散魔法,174,1,100,,
1127,,993,,空,9999826,,100,,
1128,4阶装备3-50层（无）,927,40003,中级强化石,3253,1,100,,
1129,,927,,空,9996747,,100,,
1130,,928,40012,抽奖券,252,1,100,,
1131,,928,40416,万能召集石,1,1,100,,
1132,,928,70008,守护源力,503,1,100,,
1133,,928,,空,9999244,,100,,
1134,,929,40009,20钱袋,1000000,1,100,,
1135,,929,40009,20钱袋,200000,7,100,,
1136,,929,40010,500钱袋,2000,6,100,,
1137,,929,,空,8798000,,100,,
1138,,930,30001,60经验,1000000,1,100,,
1139,,930,30001,60经验,200000,7,100,,
1140,,930,30002,1500经验,2000,7,100,,
1141,,930,,空,8798000,,100,,
1142,,931,20076,熊皮,247,1,100,,
1143,,931,20077,龙皮,15,1,100,,
1144,,931,,空,9999738,,100,,
1145,,932,20047,银星沙,0,1,100,,1.24E-06
1146,,994,40196,驱散魔法,35,1,100,,
1147,,994,,空,9999965,,100,,
1148,4阶装备4-52层（有）,933,40004,高级强化石,6710,1,100,,
1149,,933,,空,9993290,,100,,
1150,,934,40012,抽奖券,1258,1,100,,
1151,,934,40416,万能召集石,4,1,100,,
1152,,934,70008,守护源力,2516,1,100,,
1153,,934,,空,9996222,,100,,
1154,,935,40009,20钱袋,5000000,1,100,,
1155,,935,40009,20钱袋,1000000,8,100,,
1156,,935,40010,500钱袋,10000,5,100,,
1157,,935,,空,3990000,,100,,
1158,,936,30001,60经验,5000000,1,100,,
1159,,936,30001,60经验,1000000,8,100,,
1160,,936,30002,1500经验,10000,5,100,,
1161,,936,,空,3990000,,100,,
1162,,937,20081,灵石,1235,1,100,,
1163,,937,20082,圣光石,77,1,100,,
1164,,937,,空,9998688,,100,,
1165,,938,20033,笛子,0,1,100,,1.23E-07
1166,,939,20100,美酒,0,1,100,,1.23E-07
1167,,995,40197,净化,145,1,100,,
1168,,995,,空,9999855,,100,,
1169,4阶装备4-52层（无）,940,40004,高级强化石,1342,1,100,,
1170,,940,,空,9998658,,100,,
1171,,941,40012,抽奖券,252,1,100,,
1172,,941,40416,万能召集石,1,1,100,,
1173,,941,70008,守护源力,503,1,100,,
1174,,941,,空,9999244,,100,,
1175,,942,40009,20钱袋,1000000,1,100,,
1176,,942,40009,20钱袋,200000,8,100,,
1177,,942,40010,500钱袋,2000,5,100,,
1178,,942,,空,8798000,,100,,
1179,,943,30001,60经验,1000000,1,100,,
1180,,943,30001,60经验,200000,8,100,,
1181,,943,30002,1500经验,2000,5,100,,
1182,,943,,空,8798000,,100,,
1183,,944,20081,灵石,247,1,100,,
1184,,944,20082,圣光石,15,1,100,,
1185,,944,,空,9999738,,100,,
1186,,945,20033,笛子,0,1,100,,1.23E-07
1187,,946,20100,美酒,0,1,100,,1.23E-07
1188,,996,40197,净化,29,1,100,,
1189,,996,,空,9999971,,100,,
1190,4阶装备5-55层（有）,947,40004,高级强化石,6710,1,100,,
1191,,947,,空,9993290,,100,,
1192,,948,40012,抽奖券,1258,1,100,,
1193,,948,40416,万能召集石,4,1,100,,
1194,,948,70008,守护源力,2516,1,100,,
1195,,948,,空,9996222,,100,,
1196,,949,40009,20钱袋,5000000,1,100,,
1197,,949,40009,20钱袋,1000000,8,100,,
1198,,949,40010,500钱袋,10000,6,100,,
1199,,949,,空,3990000,,100,,
1200,,950,30001,60经验,5000000,1,100,,
1201,,950,30001,60经验,1000000,8,100,,
1202,,950,30002,1500经验,10000,7,100,,
1203,,950,,空,3990000,,100,,
1204,,951,20086,白虎牙,1235,1,100,,
1205,,951,20087,龙鳞,77,1,100,,
1206,,951,,空,9998688,,100,,
1207,,952,20103,孔雀,0,1,100,,1.23E-07
1208,,953,20104,野猪,0,1,100,,1.23E-07
1209,4阶装备5-55层（无）,954,40004,高级强化石,1342,1,100,,
1210,,954,,空,9998658,,100,,
1211,,955,40012,抽奖券,252,1,100,,
1212,,955,40416,万能召集石,1,1,100,,
1213,,955,70008,守护源力,503,1,100,,
1214,,955,,空,9999244,,100,,
1215,,956,40009,20钱袋,1000000,1,100,,
1216,,956,40009,20钱袋,200000,8,100,,
1217,,956,40010,500钱袋,2000,6,100,,
1218,,956,,空,8798000,,100,,
1219,,957,30001,60经验,1000000,1,100,,
1220,,957,30001,60经验,200000,8,100,,
1221,,957,30002,1500经验,2000,7,100,,
1222,,957,,空,8798000,,100,,
1223,,958,20086,白虎牙,247,1,100,,
1224,,958,20087,龙鳞,15,1,100,,
1225,,958,,空,9999738,,100,,
1226,,959,20103,孔雀,0,1,100,,1.23E-07
1227,,960,20104,野猪,0,1,100,,1.23E-07
1228,4阶装备6-58层（有）,961,40004,高级强化石,6710,1,100,,
1229,,961,,空,9993290,,100,,
1230,,962,40012,抽奖券,1258,1,100,,
1231,,962,40416,万能召集石,4,1,100,,
1232,,962,70008,守护源力,2516,1,100,,
1233,,962,,空,9996222,,100,,
1234,,963,40009,20钱袋,5000000,1,100,,
1235,,963,40009,20钱袋,1000000,9,100,,
1236,,963,40010,500钱袋,10000,6,100,,
1237,,963,,空,3990000,,100,,
1238,,964,30001,60经验,5000000,1,100,,
1239,,964,30001,60经验,1000000,9,100,,
1240,,964,30002,1500经验,10000,5,100,,
1241,,964,,空,3990000,,100,,
1242,,965,20071,恶魔之血,1235,1,100,,
1243,,965,20072,天使之泪,77,1,100,,
1244,,965,,空,9998688,,100,,
1245,,966,20040,星座图,0,1,100,,1.23E-07
1246,,967,20042,智慧书籍,0,1,100,,1.23E-07
1247,4阶装备6-58层（无）,968,40004,高级强化石,1342,1,100,,
1248,,968,,空,9998658,,100,,
1249,,969,40012,抽奖券,252,1,100,,
1250,,969,40416,万能召集石,1,1,100,,
1251,,969,70008,守护源力,503,1,100,,
1252,,969,,空,9999244,,100,,
1253,,970,40009,20钱袋,1000000,1,100,,
1254,,970,40009,20钱袋,200000,9,100,,
1255,,970,40010,500钱袋,2000,6,100,,
1256,,970,,空,8798000,,100,,
1257,,971,30001,60经验,1000000,1,100,,
1258,,971,30001,60经验,200000,9,100,,
1259,,971,30002,1500经验,2000,5,100,,
1260,,971,,空,8798000,,100,,
1261,,972,20071,恶魔之血,247,1,100,,
1262,,972,20072,天使之泪,15,1,100,,
1263,,972,,空,9999738,,100,,
1264,,973,20040,星座图,0,1,100,,1.23E-07
1265,,974,20042,智慧书籍,0,1,100,,1.23E-07
1266,5阶装备1-60层（有）,975,40004,高级强化石,6710,1,100,,
1267,,975,,空,9993290,,100,,
1268,,976,40012,抽奖券,1258,1,100,,
1269,,976,40416,万能召集石,4,1,100,,
1270,,976,70008,守护源力,2516,1,100,,
1271,,976,,空,9996222,,100,,
1272,,977,40009,20钱袋,5000000,1,100,,
1273,,977,40009,20钱袋,1000000,9,100,,
1274,,977,40010,500钱袋,10000,6,100,,
1275,,977,,空,3990000,,100,,
1276,,978,30001,60经验,5000000,1,100,,
1277,,978,30001,60经验,1000000,9,100,,
1278,,978,30002,1500经验,10000,6,100,,
1279,,978,,空,3990000,,100,,
1280,,979,20066,魂精矿,772,1,100,,
1281,,979,,空,9999228,,100,,
1282,,980,20030,羽毛,0,1,100,,3.08E-08
1283,,981,20039,圣衣,0,1,100,,3.08E-08
1284,,982,20105,荣誉,0,1,100,,3.08E-08
1285,,983,20106,毒液,0,1,100,,3.08E-08
1286,5阶装备1-60层（无）,984,40004,高级强化石,1342,1,100,,
1287,,984,,空,9998658,,100,,
1288,,985,40012,抽奖券,252,1,100,,
1289,,985,40416,万能召集石,1,1,100,,
1290,,985,70008,守护源力,503,1,100,,
1291,,985,,空,9999244,,100,,
1292,,986,40009,20钱袋,1000000,1,100,,
1293,,986,40009,20钱袋,200000,9,100,,
1294,,986,40010,500钱袋,2000,6,100,,
1295,,986,,空,8798000,,100,,
1296,,987,30001,60经验,1000000,1,100,,
1297,,987,30001,60经验,200000,9,100,,
1298,,987,30002,1500经验,2000,6,100,,
1299,,987,,空,8798000,,100,,
1300,,988,20066,魂精矿,154,1,100,,
1301,,988,,空,9999846,,100,,
1302,,989,20030,羽毛,0,1,100,,3.08E-08
1303,,990,20039,圣衣,0,1,100,,3.08E-08
1304,,991,20105,荣誉,0,1,100,,3.08E-08
1305,,992,20106,毒液,0,1,100,,3.08E-08
1306,5阶装备2-60层（有）,551,40004,高级强化石,6710,1,100,,
1307,,551,,空,9993290,,100,,
1308,,552,40012,抽奖券,1258,1,100,,
1309,,552,40416,万能召集石,4,1,100,,
1310,,552,70008,守护源力,2516,1,100,,
1311,,552,,空,9996222,,100,,
1312,,553,40009,20钱袋,5000000,1,100,,
1313,,553,40009,20钱袋,1000000,9,100,,
1314,,553,40010,500钱袋,10000,6,100,,
1315,,553,,空,3990000,,100,,
1316,,554,30001,60经验,5000000,1,100,,
1317,,554,30001,60经验,1000000,9,100,,
1318,,554,30002,1500经验,10000,6,100,,
1319,,554,,空,3990000,,100,,
1320,,555,20067,金缕丝,772,1,100,,
1321,,555,,空,9999228,,100,,
1322,,556,20107,月光草,0,1,100,,3.08E-08
1323,,557,20108,骨头,0,1,100,,3.08E-08
1324,,558,20101,金羊毛,0,1,100,,3.08E-08
1325,,559,20102,闪电,0,1,100,,3.08E-08
1326,5阶装备2-60层（无）,560,40004,高级强化石,1342,1,100,,
1327,,560,,空,9998658,,100,,
1328,,561,40012,抽奖券,252,1,100,,
1329,,561,40416,万能召集石,1,1,100,,
1330,,561,70008,守护源力,503,1,100,,
1331,,561,,空,9999244,,100,,
1332,,562,40009,20钱袋,1000000,1,100,,
1333,,562,40009,20钱袋,200000,9,100,,
1334,,562,40010,500钱袋,2000,6,100,,
1335,,562,,空,8798000,,100,,
1336,,563,30001,60经验,1000000,1,100,,
1337,,563,30001,60经验,200000,9,100,,
1338,,563,30002,1500经验,2000,6,100,,
1339,,563,,空,8798000,,100,,
1340,,564,20067,金缕丝,154,1,100,,
1341,,564,,空,9999846,,100,,
1342,,565,20107,月光草,0,1,100,,3.08E-08
1343,,566,20108,骨头,0,1,100,,3.08E-08
1344,,567,20101,金羊毛,0,1,100,,3.08E-08
1345,,568,20102,闪电,0,1,100,,3.08E-08
1346,5阶装备3-60层（有）,569,40004,高级强化石,6710,1,100,,
1347,,569,,空,9993290,,100,,
1348,,570,40012,抽奖券,1258,1,100,,
1349,,570,40416,万能召集石,4,1,100,,
1350,,570,70008,守护源力,2516,1,100,,
1351,,570,,空,9996222,,100,,
1352,,571,40009,20钱袋,5000000,1,100,,
1353,,571,40009,20钱袋,1000000,9,100,,
1354,,571,40010,500钱袋,10000,6,100,,
1355,,571,,空,3990000,,100,,
1356,,572,30001,60经验,5000000,1,100,,
1357,,572,30001,60经验,1000000,9,100,,
1358,,572,30002,1500经验,10000,6,100,,
1359,,572,,空,3990000,,100,,
1360,,573,20077,龙皮,772,1,100,,
1361,,573,,空,9999228,,100,,
1362,,574,20088,七弦琴,0,1,100,,3.08E-08
1363,,575,20089,神鸟,0,1,100,,3.08E-08
1364,,576,20090,飞鞋,0,1,100,,3.08E-08
1365,,577,20091,雄黄酒,0,1,100,,3.08E-08
1366,5阶装备3-60层（无）,578,40004,高级强化石,1342,1,100,,
1367,,578,,空,9998658,,100,,
1368,,579,40012,抽奖券,252,1,100,,
1369,,579,40416,万能召集石,1,1,100,,
1370,,579,70008,守护源力,503,1,100,,
1371,,579,,空,9999244,,100,,
1372,,580,40009,20钱袋,1000000,1,100,,
1373,,580,40009,20钱袋,200000,9,100,,
1374,,580,40010,500钱袋,2000,6,100,,
1375,,580,,空,8798000,,100,,
1376,,581,30001,60经验,1000000,1,100,,
1377,,581,30001,60经验,200000,9,100,,
1378,,581,30002,1500经验,2000,6,100,,
1379,,581,,空,8798000,,100,,
1380,,582,20077,龙皮,154,1,100,,
1381,,582,,空,9999846,,100,,
1382,,583,20088,七弦琴,0,1,100,,3.08E-08
1383,,584,20089,神鸟,0,1,100,,3.08E-08
1384,,585,20090,飞鞋,0,1,100,,3.08E-08
1385,,586,20091,雄黄酒,0,1,100,,3.08E-08
1386,5阶装备4-60层（有）,587,40004,高级强化石,6710,1,100,,
1387,,587,,空,9993290,,100,,
1388,,588,40012,抽奖券,1258,1,100,,
1389,,588,40416,万能召集石,4,1,100,,
1390,,588,70008,守护源力,2516,1,100,,
1391,,588,,空,9996222,,100,,
1392,,589,40009,20钱袋,5000000,1,100,,
1393,,589,40009,20钱袋,1000000,9,100,,
1394,,589,40010,500钱袋,10000,6,100,,
1395,,589,,空,3990000,,100,,
1396,,590,30001,60经验,5000000,1,100,,
1397,,590,30001,60经验,1000000,9,100,,
1398,,590,30002,1500经验,10000,6,100,,
1399,,590,,空,3990000,,100,,
1400,,591,20082,圣光石,772,1,100,,
1401,,591,,空,9999228,,100,,
1402,,592,20092,蛇皮,0,1,100,,3.08E-08
1403,,593,20093,墨汁,0,1,100,,3.08E-08
1404,,594,20094,海洋之歌,0,1,100,,3.08E-08
1405,,595,20095,海豚,0,1,100,,3.08E-08
1406,5阶装备4-60层（无）,596,40004,高级强化石,1342,1,100,,
1407,,596,,空,9998658,,100,,
1408,,597,40012,抽奖券,252,1,100,,
1409,,597,40416,万能召集石,1,1,100,,
1410,,597,70008,守护源力,503,1,100,,
1411,,597,,空,9999244,,100,,
1412,,598,40009,20钱袋,1000000,1,100,,
1413,,598,40009,20钱袋,200000,9,100,,
1414,,598,40010,500钱袋,2000,6,100,,
1415,,598,,空,8798000,,100,,
1416,,599,30001,60经验,1000000,1,100,,
1417,,599,30001,60经验,200000,9,100,,
1418,,599,30002,1500经验,2000,6,100,,
1419,,599,,空,8798000,,100,,
1420,,601,20082,圣光石,154,1,100,,
1421,,601,,空,9999846,,100,,
1422,,602,20092,蛇皮,0,1,100,,3.08E-08
1423,,603,20093,墨汁,0,1,100,,3.08E-08
1424,,604,20094,海洋之歌,0,1,100,,3.08E-08
1425,,605,20095,海豚,0,1,100,,3.08E-08
1426,5阶装备5-60层（有）,606,40004,高级强化石,6710,1,100,,
1427,,606,,空,9993290,,100,,
1428,,607,40012,抽奖券,1258,1,100,,
1429,,607,40416,万能召集石,4,1,100,,
1430,,607,70008,守护源力,2516,1,100,,
1431,,607,,空,9996222,,100,,
1432,,608,40009,20钱袋,5000000,1,100,,
1433,,608,40009,20钱袋,1000000,9,100,,
1434,,608,40010,500钱袋,10000,6,100,,
1435,,608,,空,3990000,,100,,
1436,,609,30001,60经验,5000000,1,100,,
1437,,609,30001,60经验,1000000,9,100,,
1438,,609,30002,1500经验,10000,6,100,,
1439,,609,,空,3990000,,100,,
1440,,610,20087,龙鳞,772,1,100,,
1441,,610,,空,9999228,,100,,
1442,,611,20096,海马雕像,0,1,100,,3.08E-08
1443,,612,20097,泥土,0,1,100,,3.08E-08
1444,,613,20098,弓箭,0,1,100,,3.08E-08
1445,,614,20053,和平之歌,0,1,100,,3.08E-08
1446,5阶装备5-60层（无）,615,40004,高级强化石,1342,1,100,,
1447,,615,,空,9998658,,100,,
1448,,616,40012,抽奖券,252,1,100,,
1449,,616,40416,万能召集石,1,1,100,,
1450,,616,70008,守护源力,503,1,100,,
1451,,616,,空,9999244,,100,,
1452,,617,40009,20钱袋,1000000,1,100,,
1453,,617,40009,20钱袋,200000,9,100,,
1454,,617,40010,500钱袋,2000,6,100,,
1455,,617,,空,8798000,,100,,
1456,,618,30001,60经验,1000000,1,100,,
1457,,618,30001,60经验,200000,9,100,,
1458,,618,30002,1500经验,2000,6,100,,
1459,,618,,空,8798000,,100,,
1460,,619,20087,龙鳞,154,1,100,,
1461,,619,,空,9999846,,100,,
1462,,620,20096,海马雕像,0,1,100,,3.08E-08
1463,,621,20097,泥土,0,1,100,,3.08E-08
1464,,622,20098,弓箭,0,1,100,,3.08E-08
1465,,623,20053,和平之歌,0,1,100,,3.08E-08
1466,5阶装备6-60层（有）,624,40004,高级强化石,6710,1,100,,
1467,,624,,空,9993290,,100,,
1468,,625,40012,抽奖券,1258,1,100,,
1469,,625,40416,万能召集石,4,1,100,,
1470,,625,70008,守护源力,2516,1,100,,
1471,,625,,空,9996222,,100,,
1472,,626,40009,20钱袋,5000000,1,100,,
1473,,626,40009,20钱袋,1000000,9,100,,
1474,,626,40010,500钱袋,10000,6,100,,
1475,,626,,空,3990000,,100,,
1476,,627,30001,60经验,5000000,1,100,,
1477,,627,30001,60经验,1000000,9,100,,
1478,,627,30002,1500经验,10000,6,100,,
1479,,627,,空,3990000,,100,,
1480,,628,20072,天使之泪,772,1,100,,
1481,,628,,空,9999228,,100,,
1482,,629,20099,火种,0,1,100,,3.08E-08
1483,,630,20054,通行证,0,1,100,,3.08E-08
1484,,631,20038,战争号角,0,1,100,,3.08E-08
1485,,632,20048,修补手册,0,1,100,,3.08E-08
1486,5阶装备6-60层（无）,633,40004,高级强化石,1342,1,100,,
1487,,633,,空,9998658,,100,,
1488,,634,40012,抽奖券,252,1,100,,
1489,,634,40416,万能召集石,1,1,100,,
1490,,634,70008,守护源力,503,1,100,,
1491,,634,,空,9999244,,100,,
1492,,635,40009,20钱袋,1000000,1,100,,
1493,,635,40009,20钱袋,200000,9,100,,
1494,,635,40010,500钱袋,2000,6,100,,
1495,,635,,空,8798000,,100,,
1496,,636,30001,60经验,1000000,1,100,,
1497,,636,30001,60经验,200000,9,100,,
1498,,636,30002,1500经验,2000,6,100,,
1499,,636,,空,8798000,,100,,
1500,,637,20072,天使之泪,154,1,100,,
1501,,637,,空,9999846,,100,,
1502,,638,20099,火种,0,1,100,,3.08E-08
1503,,639,20054,通行证,0,1,100,,3.08E-08
1504,,640,20038,战争号角,0,1,100,,3.08E-08
1505,,641,20048,修补手册,0,1,100,,3.08E-08
1506,45级经验（有）,642,40012,抽奖券,1258,1,100,,
1507,,642,40416,万能召集石,4,1,100,,
1508,,642,70008,守护源力,2516,1,100,,
1509,,642,,空,9996222,,100,,
1510,,643,30001,60经验,2500000,3,100,,
1511,,643,30001,60经验,500000,17,100,,
1512,,643,30002,1500经验,100000,4,100,,
1513,,643,30002,1500经验,10000,24,100,,
1514,,643,,空,6890000,,100,,
1515,,644,40003,中级强化石,16263,1,100,,
1516,,644,,空,9983737,,100,,
1517,45级经验（无）,645,40012,抽奖券,252,1,100,,
1518,,645,40416,万能召集石,1,1,100,,
1519,,645,70008,守护源力,503,1,100,,
1520,,645,,空,9999244,,100,,
1521,,646,30001,60经验,500000,3,100,,
1522,,646,30001,60经验,100000,17,100,,
1523,,646,30002,1500经验,20000,4,100,,
1524,,646,30002,1500经验,2000,24,100,,
1525,,646,,空,9378000,,100,,
1526,,647,40003,中级强化石,3253,1,100,,
1527,,647,,空,9996747,,100,,
1528,45级金币（有）,648,40012,抽奖券,1258,1,100,,
1529,,648,40416,万能召集石,4,1,100,,
1530,,648,70008,守护源力,2516,1,100,,
1531,,648,,空,9996222,,100,,
1532,,649,40009,20钱袋,2500000,3,100,,
1533,,649,40009,20钱袋,500000,17,100,,
1534,,649,40010,500钱袋,100000,4,100,,
1535,,649,40010,500钱袋,10000,24,100,,
1536,,649,,空,6890000,,100,,
1537,,500,40003,中级强化石,16263,1,100,,
1538,,500,,空,9983737,,100,,
1539,45级金币（无）,501,40012,抽奖券,252,1,100,,
1540,,501,40416,万能召集石,1,1,100,,
1541,,501,70008,守护源力,503,1,100,,
1542,,501,,空,9999244,,100,,
1543,,502,40009,20钱袋,500000,3,100,,
1544,,502,40009,20钱袋,100000,17,100,,
1545,,502,40010,500钱袋,20000,4,100,,
1546,,502,40010,500钱袋,2000,24,100,,
1547,,502,,空,9378000,,100,,
1548,,503,40003,中级强化石,3253,1,100,,
1549,,503,,空,9996747,,100,,
1550,60级经验（有）,504,40012,抽奖券,1258,1,100,,
1551,,504,40416,万能召集石,4,1,100,,
1552,,504,70008,守护源力,2516,1,100,,
1553,,504,,空,9996222,,100,,
1554,,505,30001,60经验,2500000,4,100,,
1555,,505,30001,60经验,500000,18,100,,
1556,,505,30002,1500经验,100000,4,100,,
1557,,505,30002,1500经验,10000,36,100,,
1558,,505,,空,6890000,,100,,
1559,,506,40004,高级强化石,6710,1,100,,
1560,,506,,空,9993290,,100,,
1561,60级经验（无）,507,40012,抽奖券,252,1,100,,
1562,,507,40416,万能召集石,1,1,100,,
1563,,507,70008,守护源力,503,1,100,,
1564,,507,,空,9999244,,100,,
1565,,508,30001,60经验,500000,4,100,,
1566,,508,30001,60经验,100000,18,100,,
1567,,508,30002,1500经验,20000,4,100,,
1568,,508,30002,1500经验,2000,36,100,,
1569,,508,,空,9378000,,100,,
1570,,509,40004,高级强化石,1342,1,100,,
1571,,509,,空,9998658,,100,,
1572,60级金币（有）,510,40012,抽奖券,1258,1,100,,
1573,,510,40416,万能召集石,4,1,100,,
1574,,510,70008,守护源力,2516,1,100,,
1575,,510,,空,9996222,,100,,
1576,,511,40009,20钱袋,2500000,4,100,,
1577,,511,40009,20钱袋,500000,18,100,,
1578,,511,40010,500钱袋,100000,4,100,,
1579,,511,40010,500钱袋,10000,36,100,,
1580,,511,,空,6890000,,100,,
1581,,512,40004,高级强化石,6710,1,100,,
1582,,512,,空,9993290,,100,,
1583,60级金币（无）,513,40012,抽奖券,252,1,100,,
1584,,513,40416,万能召集石,1,1,100,,
1585,,513,70008,守护源力,503,1,100,,
1586,,513,,空,9999244,,100,,
1587,,514,40009,20钱袋,500000,4,100,,
1588,,514,40009,20钱袋,100000,18,100,,
1589,,514,40010,500钱袋,20000,4,100,,
1590,,514,40010,500钱袋,2000,36,100,,
1591,,514,,空,9378000,,100,,
1592,,515,40004,高级强化石,1342,1,100,,
1593,,515,,空,9998658,,100,,
1594,,95,40069,装备鉴定券,75000,1,100,,
1595,,95,40069,装备鉴定券,10000,2,100,,
1596,,95,40069,装备鉴定券,8000,3,100,,
1597,,95,40069,装备鉴定券,6000,5,100,,
1598,,95,40069,装备鉴定券,1000,10,100,,
1599,,96,50024,神魂结晶,71000,1,100,,
1600,,96,50024,神魂结晶,22000,2,100,,
1601,,96,50024,神魂结晶,4000,5,100,,
1602,,96,50024,神魂结晶,3000,7,100,,
1603,,96,50024,神魂结晶,500,15,100,,
1604,月饼礼盒,97,50416,超能召集石,10000,1,100,,
1605,月饼礼盒,97,40092,传奇召唤石,100,1,100,,
1606,月饼礼盒,97,40012,抽奖券,50000,5,100,,
1607,月饼礼盒,97,40091,神魂礼盒,50000,2,100,,
1608,月饼礼盒,97,40079,重铸之石,50000,10,100,,
1609,月饼礼盒,97,40017,钻石包,50000,2,100,,
1610,月饼礼盒,97,40001,金刚钻,50000,1,100,,
1611,月饼礼盒,97,40022,美味鸡腿,50000,40,100,,
1612,月饼礼盒,97,40014,星辰图纸,50000,2,100,,
1613,月饼礼盒,97,20059,锻造石,50000,10,100,,
1614,月饼礼盒,97,40013,能力印记,50000,2,100,,
1615,月饼礼盒,97,40047,阿狗的钱包,50000,10,100,,
1616,月饼礼盒,97,40011,圣地双倍药水,50000,2,100,,
1617,月饼礼盒,97,40043,技能合集,20000,1,100,,
1618,月饼礼盒,97,40019,活力药水,50000,7,100,,
1619,月饼礼盒,97,40050,天赋石盒子,20000,1,100,,
1620,月饼礼盒,97,40016,守护锁,50000,2,100,,
1621,月饼礼盒,97,30006,火龙果,50000,5,100,,
1622,月饼礼盒,97,40004,高级强化石,50000,5,100,,
1623,月饼礼盒,97,40003,中级强化石,50000,10,100,,
1624,月饼礼盒,97,40069,装备鉴定券,50000,1,100,,
1625,月饼礼盒,97,40026,烂鸡蛋,50000,200,100,,
1626,月饼礼盒,97,40021,一箱青苹果,49900,40,100,,
1627,新手2有体力,98,20058,初级强化石,97125,1,100,,
1628,,98,,空,9902875,,100,,
1629,,99,40012,抽奖券,1258,1,100,,
1630,,99,40416,万能召集石,4,1,100,,
1631,,99,,空,9998738,,100,,
1632,,100,40009,20钱袋,5000000,1,100,,
1633,,100,40009,20钱袋,1000000,3,100,,
1634,,100,,空,4000000,,100,,
1635,,101,30001,60经验,5000000,1,100,,
1636,,101,30001,60经验,1000000,3,100,,
1637,,101,,空,4000000,,100,,
1638,,102,300020,勇士指环,13889,1,100,,
1639,,102,300021,月光指环,13889,1,100,,
1640,,102,300027,霸王腰带,27778,1,100,,
1641,,102,,空,9944444,,100,,
1642,新手2无体力,103,20058,初级强化石,19425,1,100,,
1643,,103,,空,9980575,,100,,
1644,,104,40012,抽奖券,252,1,100,,
1645,,104,40416,万能召集石,1,1,100,,
1646,,104,,空,9999748,,100,,
1647,,105,40009,20钱袋,1000000,1,100,,
1648,,105,40009,20钱袋,200000,3,100,,
1649,,105,,空,8800000,,100,,
1650,,106,30001,60经验,1000000,1,100,,
1651,,106,30001,60经验,200000,3,100,,
1652,,106,,空,8800000,,100,,
1653,,107,300020,勇士指环,2778,1,100,,
1654,,107,300021,月光指环,2778,1,100,,
1655,,107,300027,霸王腰带,5556,1,100,,
1656,,107,,空,9988889,,100,,
1657,新手3有体力,108,20058,初级强化石,97125,1,100,,
1658,,108,,空,9902875,,100,,
1659,,109,40012,抽奖券,1258,1,100,,
1660,,109,40416,万能召集石,4,1,100,,
1661,,109,,空,9998738,,100,,
1662,,110,40009,20钱袋,5000000,1,100,,
1663,,110,40009,20钱袋,1000000,3,100,,
1664,,110,,空,4000000,,100,,
1665,,111,30001,60经验,5000000,1,100,,
1666,,111,30001,60经验,1000000,3,100,,
1667,,111,,空,4000000,,100,,
1668,,112,300018,海蛇草帽,27778,1,100,,
1669,,112,300022,屠龙项链,6944,1,100,,
1670,,112,300023,智者项链,6944,1,100,,
1671,,112,300024,疾风项链,6944,1,100,,
1672,,112,300025,草木项链,6944,1,100,,
1673,,112,,空,9944444,,100,,
1674,,113,20029,进阶石,0,1,100,,2.72E-05
1675,新手3无体力,114,20058,初级强化石,19425,1,100,,
1676,,114,,空,9980575,,100,,
1677,,115,40012,抽奖券,252,1,100,,
1678,,115,40416,万能召集石,1,1,100,,
1679,,115,,空,9999748,,100,,
1680,,116,40009,20钱袋,1000000,1,100,,
1681,,116,40009,20钱袋,200000,3,100,,
1682,,116,,空,8800000,,100,,
1683,,117,30001,60经验,1000000,1,100,,
1684,,117,30001,60经验,200000,3,100,,
1685,,117,,空,8800000,,100,,
1686,,118,300018,海蛇草帽,5556,1,100,,
1687,,118,300022,屠龙项链,1389,1,100,,
1688,,118,300023,智者项链,1389,1,100,,
1689,,118,300024,疾风项链,1389,1,100,,
1690,,118,300025,草木项链,1389,1,100,,
1691,,118,,空,9988889,,100,,
1692,,119,20029,进阶石,0,1,100,,2.72E-05
1693,,120,40196,驱散魔法,55556,1,100,,
1694,,120,,空,9944444,,100,,
1695,,121,50416,超能召集石,10000,1,100,,
1696,,121,40092,传奇召集石,100,1,100,,
1697,,121,40012,抽奖券,50000,5,100,,
1698,,121,40091,神魂礼盒,50000,2,100,,
1699,,121,40079,重铸之石,50000,10,100,,
1700,,121,40017,钻石包,50000,2,100,,
1701,,121,40001,金刚钻,50000,1,100,,
1702,,121,40022,美味鸡腿,50000,40,100,,
1703,,121,40014,星辰图纸,50000,2,100,,
1704,,121,20059,锻造石,50000,10,100,,
1705,,121,40013,能力印记,50000,2,100,,
1706,,121,40047,阿狗的钱包,50000,10,100,,
1707,,121,40011,圣地双倍水,50000,2,100,,
1708,,121,40043,技能合技,20000,1,100,,
1709,,121,40019,活力药水,50000,7,100,,
1710,,121,40050,天赋石盒子,20000,1,100,,
1711,,121,40016,守护锁,50000,2,100,,
1712,,121,30006,火龙果,50000,5,100,,
1713,,121,40004,高级强化石,50000,5,100,,
1714,,121,40003,中级强化石,50000,10,100,,
1715,,121,40069,装备鉴定券,50000,1,100,,
1716,,121,40026,烂鸡蛋,50000,200,100,,
1717,,121,40021,一箱青苹果,49900,40,100,,
